asset_tag,asset_class,asset_name,area,install_date,age_days,weibull_beta,weibull_eta,c_safety,c_env,c_prod,c_cost,replace_usd
PMP-0001,PMP,Centrifugal Pump,Offsites,2014-12-04,4319,2.5,1825,3,2,4,3,48000
PMP-0002,PMP,Centrifugal Pump,Utilities,2013-09-27,4752,2.5,1825,3,2,4,3,48000
PMP-0003,PMP,Centrifugal Pump,Unit-200,2015-12-30,3928,2.5,1825,3,2,4,3,48000
PMP-0004,PMP,Centrifugal Pump,Unit-100,2012-02-07,5350,2.5,1825,3,2,4,3,48000
PMP-0005,PMP,Centrifugal Pump,Tank-Farm,2015-02-07,4254,2.5,1825,3,2,4,3,48000
PMP-0006,PMP,Centrifugal Pump,Tank-Farm,2023-12-17,1019,2.5,1825,3,2,4,3,48000
PMP-0007,PMP,Centrifugal Pump,Utilities,2019-06-14,2666,2.5,1825,3,2,4,3,48000
PMP-0008,PMP,Centrifugal Pump,Unit-300,2012-10-14,5100,2.5,1825,3,2,4,3,48000
PMP-0009,PMP,Centrifugal Pump,Unit-300,2016-09-28,3655,2.5,1825,3,2,4,3,48000
PMP-0010,PMP,Centrifugal Pump,Tank-Farm,2019-07-20,2630,2.5,1825,3,2,4,3,48000
PMP-0011,PMP,Centrifugal Pump,Unit-100,2022-07-28,1526,2.5,1825,3,2,4,3,48000
PMP-0012,PMP,Centrifugal Pump,Utilities,2024-11-09,691,2.5,1825,3,2,4,3,48000
PMP-0013,PMP,Centrifugal Pump,Unit-200,2014-03-04,4594,2.5,1825,3,2,4,3,48000
PMP-0014,PMP,Centrifugal Pump,Offsites,2015-02-23,4238,2.5,1825,3,2,4,3,48000
PMP-0015,PMP,Centrifugal Pump,Unit-100,2020-10-16,2176,2.5,1825,3,2,4,3,48000
PMP-0016,PMP,Centrifugal Pump,Flare-System,2013-04-04,4928,2.5,1825,3,2,4,3,48000
PMP-0017,PMP,Centrifugal Pump,Tank-Farm,2014-11-11,4342,2.5,1825,3,2,4,3,48000
PMP-0018,PMP,Centrifugal Pump,Unit-200,2019-03-23,2749,2.5,1825,3,2,4,3,48000
PMP-0019,PMP,Centrifugal Pump,Utilities,2025-02-20,588,2.5,1825,3,2,4,3,48000
PMP-0020,PMP,Centrifugal Pump,Unit-200,2016-03-12,3855,2.5,1825,3,2,4,3,48000
PMP-0021,PMP,Centrifugal Pump,Unit-300,2015-05-02,4170,2.5,1825,3,2,4,3,48000
PMP-0022,PMP,Centrifugal Pump,Flare-System,2021-03-12,2029,2.5,1825,3,2,4,3,48000
PMP-0023,PMP,Centrifugal Pump,Unit-100,2020-07-26,2258,2.5,1825,3,2,4,3,48000
PMP-0024,PMP,Centrifugal Pump,Utilities,2023-02-06,1333,2.5,1825,3,2,4,3,48000
PMP-0025,PMP,Centrifugal Pump,Offsites,2023-12-08,1028,2.5,1825,3,2,4,3,48000
PMP-0026,PMP,Centrifugal Pump,Utilities,2022-07-30,1524,2.5,1825,3,2,4,3,48000
PMP-0027,PMP,Centrifugal Pump,Flare-System,2016-05-19,3787,2.5,1825,3,2,4,3,48000
PMP-0028,PMP,Centrifugal Pump,Utilities,2014-02-07,4619,2.5,1825,3,2,4,3,48000
PMP-0029,PMP,Centrifugal Pump,Unit-100,2015-12-15,3943,2.5,1825,3,2,4,3,48000
PMP-0030,PMP,Centrifugal Pump,Unit-300,2014-02-09,4617,2.5,1825,3,2,4,3,48000
PMP-0031,PMP,Centrifugal Pump,Tank-Farm,2014-06-29,4477,2.5,1825,3,2,4,3,48000
PMP-0032,PMP,Centrifugal Pump,Unit-300,2021-09-19,1838,2.5,1825,3,2,4,3,48000
PMP-0033,PMP,Centrifugal Pump,Offsites,2016-03-15,3852,2.5,1825,3,2,4,3,48000
PMP-0034,PMP,Centrifugal Pump,Unit-100,2022-12-15,1386,2.5,1825,3,2,4,3,48000
PMP-0035,PMP,Centrifugal Pump,Tank-Farm,2025-08-25,402,2.5,1825,3,2,4,3,48000
PMP-0036,PMP,Centrifugal Pump,Tank-Farm,2016-06-13,3762,2.5,1825,3,2,4,3,48000
PMP-0037,PMP,Centrifugal Pump,Unit-200,2015-11-20,3968,2.5,1825,3,2,4,3,48000
PMP-0038,PMP,Centrifugal Pump,Tank-Farm,2019-05-01,2710,2.5,1825,3,2,4,3,48000
PMP-0039,PMP,Centrifugal Pump,Unit-100,2017-10-17,3271,2.5,1825,3,2,4,3,48000
PMP-0040,PMP,Centrifugal Pump,Unit-100,2024-02-24,950,2.5,1825,3,2,4,3,48000
PMP-0041,PMP,Centrifugal Pump,Offsites,2016-05-26,3780,2.5,1825,3,2,4,3,48000
PMP-0042,PMP,Centrifugal Pump,Utilities,2017-11-04,3253,2.5,1825,3,2,4,3,48000
PMP-0043,PMP,Centrifugal Pump,Offsites,2015-01-18,4274,2.5,1825,3,2,4,3,48000
PMP-0044,PMP,Centrifugal Pump,Offsites,2018-01-03,3193,2.5,1825,3,2,4,3,48000
PMP-0045,PMP,Centrifugal Pump,Tank-Farm,2017-12-05,3222,2.5,1825,3,2,4,3,48000
PMP-0046,PMP,Centrifugal Pump,Unit-300,2025-04-27,522,2.5,1825,3,2,4,3,48000
PMP-0047,PMP,Centrifugal Pump,Flare-System,2019-08-23,2596,2.5,1825,3,2,4,3,48000
PMP-0048,PMP,Centrifugal Pump,Unit-200,2020-01-14,2452,2.5,1825,3,2,4,3,48000
PMP-0049,PMP,Centrifugal Pump,Unit-100,2013-10-24,4725,2.5,1825,3,2,4,3,48000
PMP-0050,PMP,Centrifugal Pump,Unit-200,2024-12-08,662,2.5,1825,3,2,4,3,48000
PMP-0051,PMP,Centrifugal Pump,Flare-System,2021-10-25,1802,2.5,1825,3,2,4,3,48000
PMP-0052,PMP,Centrifugal Pump,Unit-300,2016-06-28,3747,2.5,1825,3,2,4,3,48000
PMP-0053,PMP,Centrifugal Pump,Utilities,2017-12-16,3211,2.5,1825,3,2,4,3,48000
PMP-0054,PMP,Centrifugal Pump,Tank-Farm,2016-06-16,3759,2.5,1825,3,2,4,3,48000
PMP-0055,PMP,Centrifugal Pump,Unit-300,2020-01-25,2441,2.5,1825,3,2,4,3,48000
PMP-0056,PMP,Centrifugal Pump,Tank-Farm,2023-06-01,1218,2.5,1825,3,2,4,3,48000
PMP-0057,PMP,Centrifugal Pump,Unit-100,2025-06-07,481,2.5,1825,3,2,4,3,48000
PMP-0058,PMP,Centrifugal Pump,Unit-100,2015-08-24,4056,2.5,1825,3,2,4,3,48000
PMP-0059,PMP,Centrifugal Pump,Tank-Farm,2019-04-16,2725,2.5,1825,3,2,4,3,48000
PMP-0060,PMP,Centrifugal Pump,Unit-200,2018-09-28,2925,2.5,1825,3,2,4,3,48000
PMP-0061,PMP,Centrifugal Pump,Utilities,2023-08-15,1143,2.5,1825,3,2,4,3,48000
PMP-0062,PMP,Centrifugal Pump,Offsites,2019-07-06,2644,2.5,1825,3,2,4,3,48000
PMP-0063,PMP,Centrifugal Pump,Unit-200,2020-06-02,2312,2.5,1825,3,2,4,3,48000
PMP-0064,PMP,Centrifugal Pump,Unit-300,2016-12-07,3585,2.5,1825,3,2,4,3,48000
PMP-0065,PMP,Centrifugal Pump,Flare-System,2020-09-09,2213,2.5,1825,3,2,4,3,48000
PMP-0066,PMP,Centrifugal Pump,Unit-100,2024-02-06,968,2.5,1825,3,2,4,3,48000
PMP-0067,PMP,Centrifugal Pump,Unit-300,2012-04-17,5280,2.5,1825,3,2,4,3,48000
PMP-0068,PMP,Centrifugal Pump,Flare-System,2015-12-18,3940,2.5,1825,3,2,4,3,48000
PMP-0069,PMP,Centrifugal Pump,Tank-Farm,2022-01-12,1723,2.5,1825,3,2,4,3,48000
PMP-0070,PMP,Centrifugal Pump,Flare-System,2014-11-09,4344,2.5,1825,3,2,4,3,48000
PMP-0071,PMP,Centrifugal Pump,Tank-Farm,2015-09-21,4028,2.5,1825,3,2,4,3,48000
PMP-0072,PMP,Centrifugal Pump,Utilities,2021-12-10,1756,2.5,1825,3,2,4,3,48000
PMP-0073,PMP,Centrifugal Pump,Utilities,2024-05-27,857,2.5,1825,3,2,4,3,48000
PMP-0074,PMP,Centrifugal Pump,Flare-System,2019-05-17,2694,2.5,1825,3,2,4,3,48000
PMP-0075,PMP,Centrifugal Pump,Tank-Farm,2022-12-02,1399,2.5,1825,3,2,4,3,48000
PMP-0076,PMP,Centrifugal Pump,Unit-300,2017-08-25,3324,2.5,1825,3,2,4,3,48000
PMP-0077,PMP,Centrifugal Pump,Utilities,2023-04-12,1268,2.5,1825,3,2,4,3,48000
PMP-0078,PMP,Centrifugal Pump,Tank-Farm,2015-02-20,4241,2.5,1825,3,2,4,3,48000
PMP-0079,PMP,Centrifugal Pump,Offsites,2015-09-08,4041,2.5,1825,3,2,4,3,48000
PMP-0080,PMP,Centrifugal Pump,Utilities,2016-12-22,3570,2.5,1825,3,2,4,3,48000
HX-0001,HX,Heat Exchanger,Unit-100,2017-07-31,3349,2.0,2190,4,3,5,4,195000
HX-0002,HX,Heat Exchanger,Offsites,2024-07-27,796,2.0,2190,4,3,5,4,195000
HX-0003,HX,Heat Exchanger,Tank-Farm,2019-12-08,2489,2.0,2190,4,3,5,4,195000
HX-0004,HX,Heat Exchanger,Unit-100,2018-11-03,2889,2.0,2190,4,3,5,4,195000
HX-0005,HX,Heat Exchanger,Offsites,2021-02-19,2050,2.0,2190,4,3,5,4,195000
HX-0006,HX,Heat Exchanger,Unit-200,2024-04-21,893,2.0,2190,4,3,5,4,195000
HX-0007,HX,Heat Exchanger,Tank-Farm,2017-07-13,3367,2.0,2190,4,3,5,4,195000
HX-0008,HX,Heat Exchanger,Unit-200,2012-10-22,5092,2.0,2190,4,3,5,4,195000
HX-0009,HX,Heat Exchanger,Utilities,2017-08-15,3334,2.0,2190,4,3,5,4,195000
HX-0010,HX,Heat Exchanger,Unit-300,2017-06-26,3384,2.0,2190,4,3,5,4,195000
HX-0011,HX,Heat Exchanger,Unit-200,2025-06-07,481,2.0,2190,4,3,5,4,195000
HX-0012,HX,Heat Exchanger,Flare-System,2019-01-02,2829,2.0,2190,4,3,5,4,195000
HX-0013,HX,Heat Exchanger,Unit-100,2014-10-20,4364,2.0,2190,4,3,5,4,195000
HX-0014,HX,Heat Exchanger,Unit-100,2018-12-11,2851,2.0,2190,4,3,5,4,195000
HX-0015,HX,Heat Exchanger,Utilities,2018-11-20,2872,2.0,2190,4,3,5,4,195000
HX-0016,HX,Heat Exchanger,Flare-System,2017-10-02,3286,2.0,2190,4,3,5,4,195000
HX-0017,HX,Heat Exchanger,Tank-Farm,2019-02-16,2784,2.0,2190,4,3,5,4,195000
HX-0018,HX,Heat Exchanger,Unit-200,2021-02-10,2059,2.0,2190,4,3,5,4,195000
HX-0019,HX,Heat Exchanger,Tank-Farm,2018-06-20,3025,2.0,2190,4,3,5,4,195000
HX-0020,HX,Heat Exchanger,Utilities,2025-06-13,475,2.0,2190,4,3,5,4,195000
HX-0021,HX,Heat Exchanger,Unit-100,2014-03-11,4587,2.0,2190,4,3,5,4,195000
HX-0022,HX,Heat Exchanger,Flare-System,2023-10-16,1081,2.0,2190,4,3,5,4,195000
HX-0023,HX,Heat Exchanger,Unit-300,2017-12-31,3196,2.0,2190,4,3,5,4,195000
HX-0024,HX,Heat Exchanger,Unit-100,2016-05-06,3800,2.0,2190,4,3,5,4,195000
HX-0025,HX,Heat Exchanger,Unit-200,2021-10-25,1802,2.0,2190,4,3,5,4,195000
HX-0026,HX,Heat Exchanger,Offsites,2015-08-01,4079,2.0,2190,4,3,5,4,195000
HX-0027,HX,Heat Exchanger,Unit-300,2014-12-31,4292,2.0,2190,4,3,5,4,195000
HX-0028,HX,Heat Exchanger,Unit-100,2012-12-08,5045,2.0,2190,4,3,5,4,195000
HX-0029,HX,Heat Exchanger,Unit-200,2022-07-13,1541,2.0,2190,4,3,5,4,195000
HX-0030,HX,Heat Exchanger,Unit-100,2017-12-27,3200,2.0,2190,4,3,5,4,195000
HX-0031,HX,Heat Exchanger,Unit-300,2020-07-24,2260,2.0,2190,4,3,5,4,195000
HX-0032,HX,Heat Exchanger,Tank-Farm,2014-06-11,4495,2.0,2190,4,3,5,4,195000
HX-0033,HX,Heat Exchanger,Unit-200,2021-04-25,1985,2.0,2190,4,3,5,4,195000
HX-0034,HX,Heat Exchanger,Flare-System,2021-09-06,1851,2.0,2190,4,3,5,4,195000
HX-0035,HX,Heat Exchanger,Flare-System,2018-07-19,2996,2.0,2190,4,3,5,4,195000
CMP-0001,CMP,Reciprocating Compressor,Unit-200,2012-08-27,5148,3.0,1460,5,4,5,5,490000
CMP-0002,CMP,Reciprocating Compressor,Utilities,2023-06-13,1206,3.0,1460,5,4,5,5,490000
CMP-0003,CMP,Reciprocating Compressor,Unit-100,2019-08-31,2588,3.0,1460,5,4,5,5,490000
CMP-0004,CMP,Reciprocating Compressor,Unit-200,2011-11-13,5436,3.0,1460,5,4,5,5,490000
CMP-0005,CMP,Reciprocating Compressor,Flare-System,2015-04-12,4190,3.0,1460,5,4,5,5,490000
CMP-0006,CMP,Reciprocating Compressor,Unit-200,2013-04-16,4916,3.0,1460,5,4,5,5,490000
CMP-0007,CMP,Reciprocating Compressor,Flare-System,2018-06-29,3016,3.0,1460,5,4,5,5,490000
CMP-0008,CMP,Reciprocating Compressor,Unit-100,2021-05-01,1979,3.0,1460,5,4,5,5,490000
CMP-0009,CMP,Reciprocating Compressor,Tank-Farm,2016-06-29,3746,3.0,1460,5,4,5,5,490000
CMP-0010,CMP,Reciprocating Compressor,Flare-System,2020-07-10,2274,3.0,1460,5,4,5,5,490000
CMP-0011,CMP,Reciprocating Compressor,Unit-100,2015-04-21,4181,3.0,1460,5,4,5,5,490000
CMP-0012,CMP,Reciprocating Compressor,Unit-100,2022-01-29,1706,3.0,1460,5,4,5,5,490000
CMP-0013,CMP,Reciprocating Compressor,Flare-System,2022-05-19,1596,3.0,1460,5,4,5,5,490000
CMP-0014,CMP,Reciprocating Compressor,Unit-100,2024-01-13,992,3.0,1460,5,4,5,5,490000
CMP-0015,CMP,Reciprocating Compressor,Tank-Farm,2023-08-10,1148,3.0,1460,5,4,5,5,490000
CMP-0016,CMP,Reciprocating Compressor,Unit-300,2023-03-30,1281,3.0,1460,5,4,5,5,490000
CMP-0017,CMP,Reciprocating Compressor,Offsites,2013-07-07,4834,3.0,1460,5,4,5,5,490000
CMP-0018,CMP,Reciprocating Compressor,Unit-200,2023-01-02,1368,3.0,1460,5,4,5,5,490000
VLV-0001,VLV,Control Valve,Unit-300,2014-11-16,4337,1.5,1095,3,2,3,2,13500
VLV-0002,VLV,Control Valve,Utilities,2012-02-26,5331,1.5,1095,3,2,3,2,13500
VLV-0003,VLV,Control Valve,Utilities,2023-09-27,1100,1.5,1095,3,2,3,2,13500
VLV-0004,VLV,Control Valve,Unit-200,2025-07-22,436,1.5,1095,3,2,3,2,13500
VLV-0005,VLV,Control Valve,Unit-200,2023-11-28,1038,1.5,1095,3,2,3,2,13500
VLV-0006,VLV,Control Valve,Flare-System,2016-04-09,3827,1.5,1095,3,2,3,2,13500
VLV-0007,VLV,Control Valve,Unit-100,2018-09-01,2952,1.5,1095,3,2,3,2,13500
VLV-0008,VLV,Control Valve,Tank-Farm,2016-01-15,3912,1.5,1095,3,2,3,2,13500
VLV-0009,VLV,Control Valve,Offsites,2022-12-16,1385,1.5,1095,3,2,3,2,13500
VLV-0010,VLV,Control Valve,Unit-100,2014-07-02,4474,1.5,1095,3,2,3,2,13500
VLV-0011,VLV,Control Valve,Tank-Farm,2015-05-31,4141,1.5,1095,3,2,3,2,13500
VLV-0012,VLV,Control Valve,Utilities,2023-12-02,1034,1.5,1095,3,2,3,2,13500
VLV-0013,VLV,Control Valve,Unit-100,2012-10-10,5104,1.5,1095,3,2,3,2,13500
VLV-0014,VLV,Control Valve,Flare-System,2020-03-10,2396,1.5,1095,3,2,3,2,13500
VLV-0015,VLV,Control Valve,Unit-300,2018-12-01,2861,1.5,1095,3,2,3,2,13500
VLV-0016,VLV,Control Valve,Unit-300,2016-06-23,3752,1.5,1095,3,2,3,2,13500
VLV-0017,VLV,Control Valve,Flare-System,2021-09-29,1828,1.5,1095,3,2,3,2,13500
VLV-0018,VLV,Control Valve,Utilities,2012-10-24,5090,1.5,1095,3,2,3,2,13500
VLV-0019,VLV,Control Valve,Unit-100,2017-12-25,3202,1.5,1095,3,2,3,2,13500
VLV-0020,VLV,Control Valve,Tank-Farm,2016-11-18,3604,1.5,1095,3,2,3,2,13500
VLV-0021,VLV,Control Valve,Unit-100,2023-10-15,1082,1.5,1095,3,2,3,2,13500
VLV-0022,VLV,Control Valve,Unit-100,2019-11-21,2506,1.5,1095,3,2,3,2,13500
VLV-0023,VLV,Control Valve,Flare-System,2017-05-31,3410,1.5,1095,3,2,3,2,13500
VLV-0024,VLV,Control Valve,Tank-Farm,2012-09-12,5132,1.5,1095,3,2,3,2,13500
VLV-0025,VLV,Control Valve,Tank-Farm,2019-03-19,2753,1.5,1095,3,2,3,2,13500
VLV-0026,VLV,Control Valve,Tank-Farm,2014-10-09,4375,1.5,1095,3,2,3,2,13500
VLV-0027,VLV,Control Valve,Unit-100,2024-03-23,922,1.5,1095,3,2,3,2,13500
VLV-0028,VLV,Control Valve,Unit-200,2014-02-23,4603,1.5,1095,3,2,3,2,13500
VLV-0029,VLV,Control Valve,Tank-Farm,2022-07-01,1553,1.5,1095,3,2,3,2,13500
VLV-0030,VLV,Control Valve,Tank-Farm,2018-04-29,3077,1.5,1095,3,2,3,2,13500
VLV-0031,VLV,Control Valve,Offsites,2013-08-11,4799,1.5,1095,3,2,3,2,13500
VLV-0032,VLV,Control Valve,Unit-300,2017-04-25,3446,1.5,1095,3,2,3,2,13500
VLV-0033,VLV,Control Valve,Unit-300,2020-07-07,2277,1.5,1095,3,2,3,2,13500
VLV-0034,VLV,Control Valve,Unit-100,2019-10-17,2541,1.5,1095,3,2,3,2,13500
VLV-0035,VLV,Control Valve,Offsites,2013-08-13,4797,1.5,1095,3,2,3,2,13500
VLV-0036,VLV,Control Valve,Utilities,2019-05-27,2684,1.5,1095,3,2,3,2,13500
VLV-0037,VLV,Control Valve,Unit-200,2022-06-10,1574,1.5,1095,3,2,3,2,13500
VLV-0038,VLV,Control Valve,Tank-Farm,2015-04-25,4177,1.5,1095,3,2,3,2,13500
VLV-0039,VLV,Control Valve,Tank-Farm,2024-04-12,902,1.5,1095,3,2,3,2,13500
VLV-0040,VLV,Control Valve,Utilities,2024-10-26,705,1.5,1095,3,2,3,2,13500
VLV-0041,VLV,Control Valve,Offsites,2023-09-16,1111,1.5,1095,3,2,3,2,13500
VLV-0042,VLV,Control Valve,Unit-300,2014-03-19,4579,1.5,1095,3,2,3,2,13500
VLV-0043,VLV,Control Valve,Unit-300,2023-09-27,1100,1.5,1095,3,2,3,2,13500
VLV-0044,VLV,Control Valve,Offsites,2012-11-12,5071,1.5,1095,3,2,3,2,13500
VLV-0045,VLV,Control Valve,Unit-200,2021-10-08,1819,1.5,1095,3,2,3,2,13500
VLV-0046,VLV,Control Valve,Utilities,2023-08-09,1149,1.5,1095,3,2,3,2,13500
VLV-0047,VLV,Control Valve,Unit-100,2025-06-15,473,1.5,1095,3,2,3,2,13500
VLV-0048,VLV,Control Valve,Unit-200,2024-12-22,648,1.5,1095,3,2,3,2,13500
VLV-0049,VLV,Control Valve,Unit-200,2025-01-02,637,1.5,1095,3,2,3,2,13500
VLV-0050,VLV,Control Valve,Utilities,2017-06-25,3385,1.5,1095,3,2,3,2,13500
VLV-0051,VLV,Control Valve,Offsites,2020-03-30,2376,1.5,1095,3,2,3,2,13500
VLV-0052,VLV,Control Valve,Flare-System,2021-04-21,1989,1.5,1095,3,2,3,2,13500
VLV-0053,VLV,Control Valve,Utilities,2013-07-05,4836,1.5,1095,3,2,3,2,13500
VLV-0054,VLV,Control Valve,Utilities,2013-11-04,4714,1.5,1095,3,2,3,2,13500
VLV-0055,VLV,Control Valve,Unit-100,2023-03-19,1292,1.5,1095,3,2,3,2,13500
VLV-0056,VLV,Control Valve,Unit-200,2022-06-10,1574,1.5,1095,3,2,3,2,13500
VLV-0057,VLV,Control Valve,Unit-200,2017-10-05,3283,1.5,1095,3,2,3,2,13500
VLV-0058,VLV,Control Valve,Unit-200,2019-12-05,2492,1.5,1095,3,2,3,2,13500
VLV-0059,VLV,Control Valve,Unit-100,2020-07-10,2274,1.5,1095,3,2,3,2,13500
VLV-0060,VLV,Control Valve,Flare-System,2018-06-04,3041,1.5,1095,3,2,3,2,13500
VLV-0061,VLV,Control Valve,Unit-100,2014-02-03,4623,1.5,1095,3,2,3,2,13500
VLV-0062,VLV,Control Valve,Unit-300,2025-01-09,630,1.5,1095,3,2,3,2,13500
VLV-0063,VLV,Control Valve,Flare-System,2024-05-13,871,1.5,1095,3,2,3,2,13500
VLV-0064,VLV,Control Valve,Tank-Farm,2013-12-13,4675,1.5,1095,3,2,3,2,13500
VLV-0065,VLV,Control Valve,Flare-System,2012-01-18,5370,1.5,1095,3,2,3,2,13500
VLV-0066,VLV,Control Valve,Offsites,2014-07-13,4463,1.5,1095,3,2,3,2,13500
VLV-0067,VLV,Control Valve,Tank-Farm,2016-10-05,3648,1.5,1095,3,2,3,2,13500
VLV-0068,VLV,Control Valve,Tank-Farm,2014-11-08,4345,1.5,1095,3,2,3,2,13500
VLV-0069,VLV,Control Valve,Unit-100,2018-04-02,3104,1.5,1095,3,2,3,2,13500
VLV-0070,VLV,Control Valve,Flare-System,2018-07-23,2992,1.5,1095,3,2,3,2,13500
VLV-0071,VLV,Control Valve,Flare-System,2019-04-12,2729,1.5,1095,3,2,3,2,13500
VLV-0072,VLV,Control Valve,Offsites,2020-05-13,2332,1.5,1095,3,2,3,2,13500
VLV-0073,VLV,Control Valve,Offsites,2022-01-09,1726,1.5,1095,3,2,3,2,13500
VLV-0074,VLV,Control Valve,Utilities,2023-10-18,1079,1.5,1095,3,2,3,2,13500
VLV-0075,VLV,Control Valve,Utilities,2019-12-02,2495,1.5,1095,3,2,3,2,13500
VLV-0076,VLV,Control Valve,Unit-300,2022-07-01,1553,1.5,1095,3,2,3,2,13500
VLV-0077,VLV,Control Valve,Unit-300,2020-08-16,2237,1.5,1095,3,2,3,2,13500
VLV-0078,VLV,Control Valve,Utilities,2021-03-03,2038,1.5,1095,3,2,3,2,13500
VLV-0079,VLV,Control Valve,Unit-300,2016-02-27,3869,1.5,1095,3,2,3,2,13500
VLV-0080,VLV,Control Valve,Tank-Farm,2021-08-06,1882,1.5,1095,3,2,3,2,13500
VLV-0081,VLV,Control Valve,Flare-System,2012-12-06,5047,1.5,1095,3,2,3,2,13500
VLV-0082,VLV,Control Valve,Tank-Farm,2019-01-09,2822,1.5,1095,3,2,3,2,13500
VLV-0083,VLV,Control Valve,Unit-300,2018-04-05,3101,1.5,1095,3,2,3,2,13500
VLV-0084,VLV,Control Valve,Utilities,2013-11-17,4701,1.5,1095,3,2,3,2,13500
VLV-0085,VLV,Control Valve,Offsites,2014-07-01,4475,1.5,1095,3,2,3,2,13500
VLV-0086,VLV,Control Valve,Tank-Farm,2018-04-19,3087,1.5,1095,3,2,3,2,13500
VLV-0087,VLV,Control Valve,Offsites,2021-09-20,1837,1.5,1095,3,2,3,2,13500
VLV-0088,VLV,Control Valve,Unit-100,2015-06-21,4120,1.5,1095,3,2,3,2,13500
VLV-0089,VLV,Control Valve,Unit-200,2016-01-12,3915,1.5,1095,3,2,3,2,13500
VLV-0090,VLV,Control Valve,Flare-System,2013-09-16,4763,1.5,1095,3,2,3,2,13500
VLV-0091,VLV,Control Valve,Unit-100,2017-02-26,3504,1.5,1095,3,2,3,2,13500
VLV-0092,VLV,Control Valve,Offsites,2024-06-03,850,1.5,1095,3,2,3,2,13500
VLV-0093,VLV,Control Valve,Tank-Farm,2024-07-27,796,1.5,1095,3,2,3,2,13500
VLV-0094,VLV,Control Valve,Tank-Farm,2012-08-28,5147,1.5,1095,3,2,3,2,13500
VLV-0095,VLV,Control Valve,Unit-100,2012-05-03,5264,1.5,1095,3,2,3,2,13500
VLV-0096,VLV,Control Valve,Unit-300,2014-07-19,4457,1.5,1095,3,2,3,2,13500
VLV-0097,VLV,Control Valve,Offsites,2014-10-20,4364,1.5,1095,3,2,3,2,13500
VLV-0098,VLV,Control Valve,Flare-System,2014-08-17,4428,1.5,1095,3,2,3,2,13500
VLV-0099,VLV,Control Valve,Flare-System,2022-03-17,1659,1.5,1095,3,2,3,2,13500
VLV-0100,VLV,Control Valve,Unit-100,2017-06-30,3380,1.5,1095,3,2,3,2,13500
VLV-0101,VLV,Control Valve,Unit-100,2017-02-17,3513,1.5,1095,3,2,3,2,13500
VLV-0102,VLV,Control Valve,Unit-100,2023-05-10,1240,1.5,1095,3,2,3,2,13500
VLV-0103,VLV,Control Valve,Utilities,2017-09-28,3290,1.5,1095,3,2,3,2,13500
VLV-0104,VLV,Control Valve,Offsites,2019-03-26,2746,1.5,1095,3,2,3,2,13500
VLV-0105,VLV,Control Valve,Utilities,2015-01-24,4268,1.5,1095,3,2,3,2,13500
VLV-0106,VLV,Control Valve,Utilities,2014-07-27,4449,1.5,1095,3,2,3,2,13500
VLV-0107,VLV,Control Valve,Utilities,2017-05-13,3428,1.5,1095,3,2,3,2,13500
VLV-0108,VLV,Control Valve,Tank-Farm,2012-09-21,5123,1.5,1095,3,2,3,2,13500
VLV-0109,VLV,Control Valve,Unit-100,2024-02-11,963,1.5,1095,3,2,3,2,13500
VLV-0110,VLV,Control Valve,Utilities,2024-07-10,813,1.5,1095,3,2,3,2,13500
VLV-0111,VLV,Control Valve,Offsites,2019-11-23,2504,1.5,1095,3,2,3,2,13500
VLV-0112,VLV,Control Valve,Unit-200,2014-12-02,4321,1.5,1095,3,2,3,2,13500
VLV-0113,VLV,Control Valve,Offsites,2021-01-31,2069,1.5,1095,3,2,3,2,13500
VLV-0114,VLV,Control Valve,Tank-Farm,2013-03-08,4955,1.5,1095,3,2,3,2,13500
VLV-0115,VLV,Control Valve,Tank-Farm,2021-12-19,1747,1.5,1095,3,2,3,2,13500
VLV-0116,VLV,Control Valve,Utilities,2020-08-27,2226,1.5,1095,3,2,3,2,13500
VLV-0117,VLV,Control Valve,Unit-300,2023-07-19,1170,1.5,1095,3,2,3,2,13500
VLV-0118,VLV,Control Valve,Unit-100,2023-09-07,1120,1.5,1095,3,2,3,2,13500
VLV-0119,VLV,Control Valve,Flare-System,2019-08-17,2602,1.5,1095,3,2,3,2,13500
VLV-0120,VLV,Control Valve,Unit-100,2020-05-22,2323,1.5,1095,3,2,3,2,13500
VSL-0001,VSL,Pressure Vessel,Tank-Farm,2018-01-06,3190,2.8,3650,5,5,5,5,290000
VSL-0002,VSL,Pressure Vessel,Unit-300,2012-08-27,5148,2.8,3650,5,5,5,5,290000
VSL-0003,VSL,Pressure Vessel,Tank-Farm,2019-01-17,2814,2.8,3650,5,5,5,5,290000
VSL-0004,VSL,Pressure Vessel,Offsites,2020-06-26,2288,2.8,3650,5,5,5,5,290000
VSL-0005,VSL,Pressure Vessel,Flare-System,2015-09-17,4032,2.8,3650,5,5,5,5,290000
VSL-0006,VSL,Pressure Vessel,Unit-300,2012-06-11,5225,2.8,3650,5,5,5,5,290000
VSL-0007,VSL,Pressure Vessel,Unit-100,2013-11-07,4711,2.8,3650,5,5,5,5,290000
VSL-0008,VSL,Pressure Vessel,Unit-100,2016-11-02,3620,2.8,3650,5,5,5,5,290000
VSL-0009,VSL,Pressure Vessel,Unit-100,2017-07-10,3370,2.8,3650,5,5,5,5,290000
VSL-0010,VSL,Pressure Vessel,Utilities,2016-02-26,3870,2.8,3650,5,5,5,5,290000
VSL-0011,VSL,Pressure Vessel,Unit-100,2019-05-25,2686,2.8,3650,5,5,5,5,290000
VSL-0012,VSL,Pressure Vessel,Utilities,2014-03-16,4582,2.8,3650,5,5,5,5,290000
VSL-0013,VSL,Pressure Vessel,Unit-300,2019-05-03,2708,2.8,3650,5,5,5,5,290000
VSL-0014,VSL,Pressure Vessel,Unit-100,2019-07-25,2625,2.8,3650,5,5,5,5,290000
VSL-0015,VSL,Pressure Vessel,Unit-300,2012-11-25,5058,2.8,3650,5,5,5,5,290000
VSL-0016,VSL,Pressure Vessel,Utilities,2014-10-27,4357,2.8,3650,5,5,5,5,290000
VSL-0017,VSL,Pressure Vessel,Unit-100,2011-10-21,5459,2.8,3650,5,5,5,5,290000
VSL-0018,VSL,Pressure Vessel,Offsites,2013-06-14,4857,2.8,3650,5,5,5,5,290000
VSL-0019,VSL,Pressure Vessel,Unit-200,2014-01-16,4641,2.8,3650,5,5,5,5,290000
VSL-0020,VSL,Pressure Vessel,Offsites,2024-04-06,908,2.8,3650,5,5,5,5,290000
VSL-0021,VSL,Pressure Vessel,Flare-System,2016-06-09,3766,2.8,3650,5,5,5,5,290000
VSL-0022,VSL,Pressure Vessel,Offsites,2016-08-27,3687,2.8,3650,5,5,5,5,290000
VSL-0023,VSL,Pressure Vessel,Unit-100,2013-03-15,4948,2.8,3650,5,5,5,5,290000
VSL-0024,VSL,Pressure Vessel,Unit-200,2025-05-06,513,2.8,3650,5,5,5,5,290000
VSL-0025,VSL,Pressure Vessel,Unit-200,2023-10-02,1095,2.8,3650,5,5,5,5,290000
VSL-0026,VSL,Pressure Vessel,Tank-Farm,2014-11-19,4334,2.8,3650,5,5,5,5,290000
VSL-0027,VSL,Pressure Vessel,Unit-200,2013-01-04,5018,2.8,3650,5,5,5,5,290000
VSL-0028,VSL,Pressure Vessel,Flare-System,2016-07-27,3718,2.8,3650,5,5,5,5,290000
TWR-0001,TWR,Distillation Tower,Unit-100,2025-09-04,392,2.2,2920,5,5,5,5,980000
TWR-0002,TWR,Distillation Tower,Tank-Farm,2025-01-11,628,2.2,2920,5,5,5,5,980000
TWR-0003,TWR,Distillation Tower,Offsites,2014-07-16,4460,2.2,2920,5,5,5,5,980000
TWR-0004,TWR,Distillation Tower,Unit-300,2022-05-31,1584,2.2,2920,5,5,5,5,980000
TWR-0005,TWR,Distillation Tower,Tank-Farm,2024-12-13,657,2.2,2920,5,5,5,5,980000
TWR-0006,TWR,Distillation Tower,Flare-System,2014-07-19,4457,2.2,2920,5,5,5,5,980000
TWR-0007,TWR,Distillation Tower,Flare-System,2014-12-13,4310,2.2,2920,5,5,5,5,980000
TWR-0008,TWR,Distillation Tower,Tank-Farm,2015-12-26,3932,2.2,2920,5,5,5,5,980000
TWR-0009,TWR,Distillation Tower,Tank-Farm,2025-03-10,570,2.2,2920,5,5,5,5,980000
TWR-0010,TWR,Distillation Tower,Unit-100,2022-12-05,1396,2.2,2920,5,5,5,5,980000
TWR-0011,TWR,Distillation Tower,Unit-100,2018-09-10,2943,2.2,2920,5,5,5,5,980000
TWR-0012,TWR,Distillation Tower,Utilities,2015-04-30,4172,2.2,2920,5,5,5,5,980000
INST-0001,INST,Instrument/Analyser,Offsites,2013-11-04,4714,1.8,730,2,1,3,2,4800
INST-0002,INST,Instrument/Analyser,Tank-Farm,2023-07-31,1158,1.8,730,2,1,3,2,4800
INST-0003,INST,Instrument/Analyser,Tank-Farm,2023-01-19,1351,1.8,730,2,1,3,2,4800
INST-0004,INST,Instrument/Analyser,Unit-100,2021-12-18,1748,1.8,730,2,1,3,2,4800
INST-0005,INST,Instrument/Analyser,Offsites,2012-01-15,5373,1.8,730,2,1,3,2,4800
INST-0006,INST,Instrument/Analyser,Utilities,2017-03-13,3489,1.8,730,2,1,3,2,4800
INST-0007,INST,Instrument/Analyser,Unit-100,2017-02-16,3514,1.8,730,2,1,3,2,4800
INST-0008,INST,Instrument/Analyser,Unit-200,2025-02-27,581,1.8,730,2,1,3,2,4800
INST-0009,INST,Instrument/Analyser,Flare-System,2015-10-29,3990,1.8,730,2,1,3,2,4800
INST-0010,INST,Instrument/Analyser,Unit-300,2023-05-01,1249,1.8,730,2,1,3,2,4800
INST-0011,INST,Instrument/Analyser,Unit-100,2023-03-09,1302,1.8,730,2,1,3,2,4800
INST-0012,INST,Instrument/Analyser,Offsites,2012-01-16,5372,1.8,730,2,1,3,2,4800
INST-0013,INST,Instrument/Analyser,Utilities,2014-10-13,4371,1.8,730,2,1,3,2,4800
INST-0014,INST,Instrument/Analyser,Flare-System,2016-11-05,3617,1.8,730,2,1,3,2,4800
INST-0015,INST,Instrument/Analyser,Offsites,2023-09-21,1106,1.8,730,2,1,3,2,4800
INST-0016,INST,Instrument/Analyser,Utilities,2012-07-07,5199,1.8,730,2,1,3,2,4800
INST-0017,INST,Instrument/Analyser,Unit-300,2017-08-31,3318,1.8,730,2,1,3,2,4800
INST-0018,INST,Instrument/Analyser,Unit-200,2015-12-18,3940,1.8,730,2,1,3,2,4800
INST-0019,INST,Instrument/Analyser,Offsites,2012-08-04,5171,1.8,730,2,1,3,2,4800
INST-0020,INST,Instrument/Analyser,Utilities,2023-09-04,1123,1.8,730,2,1,3,2,4800
INST-0021,INST,Instrument/Analyser,Utilities,2020-02-06,2429,1.8,730,2,1,3,2,4800
INST-0022,INST,Instrument/Analyser,Unit-100,2019-02-12,2788,1.8,730,2,1,3,2,4800
INST-0023,INST,Instrument/Analyser,Unit-100,2023-11-16,1050,1.8,730,2,1,3,2,4800
INST-0024,INST,Instrument/Analyser,Unit-100,2021-11-11,1785,1.8,730,2,1,3,2,4800
INST-0025,INST,Instrument/Analyser,Unit-300,2019-10-07,2551,1.8,730,2,1,3,2,4800
INST-0026,INST,Instrument/Analyser,Unit-300,2017-03-15,3487,1.8,730,2,1,3,2,4800
INST-0027,INST,Instrument/Analyser,Offsites,2019-12-28,2469,1.8,730,2,1,3,2,4800
INST-0028,INST,Instrument/Analyser,Tank-Farm,2020-01-13,2453,1.8,730,2,1,3,2,4800
INST-0029,INST,Instrument/Analyser,Unit-200,2017-07-09,3371,1.8,730,2,1,3,2,4800
INST-0030,INST,Instrument/Analyser,Flare-System,2021-04-25,1985,1.8,730,2,1,3,2,4800
INST-0031,INST,Instrument/Analyser,Unit-100,2019-11-24,2503,1.8,730,2,1,3,2,4800
INST-0032,INST,Instrument/Analyser,Unit-200,2019-02-13,2787,1.8,730,2,1,3,2,4800
INST-0033,INST,Instrument/Analyser,Unit-200,2017-09-28,3290,1.8,730,2,1,3,2,4800
INST-0034,INST,Instrument/Analyser,Offsites,2017-11-01,3256,1.8,730,2,1,3,2,4800
INST-0035,INST,Instrument/Analyser,Offsites,2016-09-07,3676,1.8,730,2,1,3,2,4800
INST-0036,INST,Instrument/Analyser,Offsites,2016-08-16,3698,1.8,730,2,1,3,2,4800
INST-0037,INST,Instrument/Analyser,Unit-300,2014-09-26,4388,1.8,730,2,1,3,2,4800
INST-0038,INST,Instrument/Analyser,Unit-200,2018-01-25,3171,1.8,730,2,1,3,2,4800
INST-0039,INST,Instrument/Analyser,Utilities,2016-12-29,3563,1.8,730,2,1,3,2,4800
INST-0040,INST,Instrument/Analyser,Flare-System,2020-09-15,2207,1.8,730,2,1,3,2,4800
INST-0041,INST,Instrument/Analyser,Utilities,2015-06-12,4129,1.8,730,2,1,3,2,4800
INST-0042,INST,Instrument/Analyser,Unit-100,2013-05-08,4894,1.8,730,2,1,3,2,4800
INST-0043,INST,Instrument/Analyser,Flare-System,2018-09-15,2938,1.8,730,2,1,3,2,4800
INST-0044,INST,Instrument/Analyser,Unit-200,2018-06-22,3023,1.8,730,2,1,3,2,4800
INST-0045,INST,Instrument/Analyser,Tank-Farm,2021-05-09,1971,1.8,730,2,1,3,2,4800
INST-0046,INST,Instrument/Analyser,Unit-300,2014-01-13,4644,1.8,730,2,1,3,2,4800
INST-0047,INST,Instrument/Analyser,Utilities,2024-02-17,957,1.8,730,2,1,3,2,4800
INST-0048,INST,Instrument/Analyser,Flare-System,2024-09-28,733,1.8,730,2,1,3,2,4800
INST-0049,INST,Instrument/Analyser,Tank-Farm,2024-12-22,648,1.8,730,2,1,3,2,4800
INST-0050,INST,Instrument/Analyser,Utilities,2021-10-29,1798,1.8,730,2,1,3,2,4800
INST-0051,INST,Instrument/Analyser,Unit-300,2023-05-01,1249,1.8,730,2,1,3,2,4800
INST-0052,INST,Instrument/Analyser,Unit-100,2021-05-12,1968,1.8,730,2,1,3,2,4800
INST-0053,INST,Instrument/Analyser,Tank-Farm,2025-07-18,440,1.8,730,2,1,3,2,4800
INST-0054,INST,Instrument/Analyser,Offsites,2014-03-07,4591,1.8,730,2,1,3,2,4800
INST-0055,INST,Instrument/Analyser,Tank-Farm,2020-07-17,2267,1.8,730,2,1,3,2,4800
INST-0056,INST,Instrument/Analyser,Unit-200,2023-08-09,1149,1.8,730,2,1,3,2,4800
INST-0057,INST,Instrument/Analyser,Offsites,2024-01-29,976,1.8,730,2,1,3,2,4800
INST-0058,INST,Instrument/Analyser,Utilities,2020-08-24,2229,1.8,730,2,1,3,2,4800
INST-0059,INST,Instrument/Analyser,Flare-System,2011-10-29,5451,1.8,730,2,1,3,2,4800
INST-0060,INST,Instrument/Analyser,Unit-300,2014-12-13,4310,1.8,730,2,1,3,2,4800
INST-0061,INST,Instrument/Analyser,Unit-300,2016-02-18,3878,1.8,730,2,1,3,2,4800
INST-0062,INST,Instrument/Analyser,Tank-Farm,2015-11-19,3969,1.8,730,2,1,3,2,4800
INST-0063,INST,Instrument/Analyser,Unit-300,2016-10-14,3639,1.8,730,2,1,3,2,4800
INST-0064,INST,Instrument/Analyser,Offsites,2025-08-08,419,1.8,730,2,1,3,2,4800
INST-0065,INST,Instrument/Analyser,Unit-200,2018-05-28,3048,1.8,730,2,1,3,2,4800
INST-0066,INST,Instrument/Analyser,Offsites,2023-06-18,1201,1.8,730,2,1,3,2,4800
INST-0067,INST,Instrument/Analyser,Unit-200,2014-01-19,4638,1.8,730,2,1,3,2,4800
INST-0068,INST,Instrument/Analyser,Flare-System,2011-11-30,5419,1.8,730,2,1,3,2,4800
INST-0069,INST,Instrument/Analyser,Utilities,2014-01-05,4652,1.8,730,2,1,3,2,4800
INST-0070,INST,Instrument/Analyser,Offsites,2011-11-24,5425,1.8,730,2,1,3,2,4800
INST-0071,INST,Instrument/Analyser,Unit-100,2019-06-25,2655,1.8,730,2,1,3,2,4800
INST-0072,INST,Instrument/Analyser,Unit-300,2020-04-04,2371,1.8,730,2,1,3,2,4800
INST-0073,INST,Instrument/Analyser,Unit-100,2015-03-09,4224,1.8,730,2,1,3,2,4800
INST-0074,INST,Instrument/Analyser,Utilities,2019-09-07,2581,1.8,730,2,1,3,2,4800
INST-0075,INST,Instrument/Analyser,Utilities,2023-08-24,1134,1.8,730,2,1,3,2,4800
INST-0076,INST,Instrument/Analyser,Unit-200,2023-03-22,1289,1.8,730,2,1,3,2,4800
INST-0077,INST,Instrument/Analyser,Flare-System,2025-02-15,593,1.8,730,2,1,3,2,4800
INST-0078,INST,Instrument/Analyser,Unit-200,2022-06-30,1554,1.8,730,2,1,3,2,4800
INST-0079,INST,Instrument/Analyser,Unit-300,2018-11-23,2869,1.8,730,2,1,3,2,4800
INST-0080,INST,Instrument/Analyser,Tank-Farm,2017-07-19,3361,1.8,730,2,1,3,2,4800
INST-0081,INST,Instrument/Analyser,Utilities,2024-07-29,794,1.8,730,2,1,3,2,4800
INST-0082,INST,Instrument/Analyser,Tank-Farm,2022-05-05,1610,1.8,730,2,1,3,2,4800
INST-0083,INST,Instrument/Analyser,Tank-Farm,2016-10-30,3623,1.8,730,2,1,3,2,4800
INST-0084,INST,Instrument/Analyser,Unit-300,2016-09-01,3682,1.8,730,2,1,3,2,4800
INST-0085,INST,Instrument/Analyser,Offsites,2015-01-29,4263,1.8,730,2,1,3,2,4800
INST-0086,INST,Instrument/Analyser,Tank-Farm,2024-12-09,661,1.8,730,2,1,3,2,4800
INST-0087,INST,Instrument/Analyser,Unit-300,2018-03-16,3121,1.8,730,2,1,3,2,4800
INST-0088,INST,Instrument/Analyser,Flare-System,2021-01-06,2094,1.8,730,2,1,3,2,4800
INST-0089,INST,Instrument/Analyser,Tank-Farm,2019-01-01,2830,1.8,730,2,1,3,2,4800
INST-0090,INST,Instrument/Analyser,Offsites,2014-12-31,4292,1.8,730,2,1,3,2,4800
INST-0091,INST,Instrument/Analyser,Tank-Farm,2018-09-09,2944,1.8,730,2,1,3,2,4800
INST-0092,INST,Instrument/Analyser,Unit-300,2013-01-10,5012,1.8,730,2,1,3,2,4800
INST-0093,INST,Instrument/Analyser,Offsites,2013-11-09,4709,1.8,730,2,1,3,2,4800
INST-0094,INST,Instrument/Analyser,Offsites,2020-12-26,2105,1.8,730,2,1,3,2,4800
INST-0095,INST,Instrument/Analyser,Utilities,2018-04-26,3080,1.8,730,2,1,3,2,4800
INST-0096,INST,Instrument/Analyser,Unit-100,2024-04-13,901,1.8,730,2,1,3,2,4800
INST-0097,INST,Instrument/Analyser,Unit-300,2012-12-01,5052,1.8,730,2,1,3,2,4800
INST-0098,INST,Instrument/Analyser,Unit-300,2016-12-04,3588,1.8,730,2,1,3,2,4800
INST-0099,INST,Instrument/Analyser,Unit-200,2021-01-04,2096,1.8,730,2,1,3,2,4800
INST-0100,INST,Instrument/Analyser,Unit-200,2023-01-26,1344,1.8,730,2,1,3,2,4800
INST-0101,INST,Instrument/Analyser,Unit-100,2012-10-10,5104,1.8,730,2,1,3,2,4800
INST-0102,INST,Instrument/Analyser,Unit-300,2019-06-25,2655,1.8,730,2,1,3,2,4800
INST-0103,INST,Instrument/Analyser,Unit-300,2017-05-18,3423,1.8,730,2,1,3,2,4800
INST-0104,INST,Instrument/Analyser,Unit-300,2025-08-25,402,1.8,730,2,1,3,2,4800
INST-0105,INST,Instrument/Analyser,Unit-200,2015-12-01,3957,1.8,730,2,1,3,2,4800
INST-0106,INST,Instrument/Analyser,Offsites,2016-11-19,3603,1.8,730,2,1,3,2,4800
INST-0107,INST,Instrument/Analyser,Flare-System,2017-01-26,3535,1.8,730,2,1,3,2,4800
INST-0108,INST,Instrument/Analyser,Flare-System,2019-01-26,2805,1.8,730,2,1,3,2,4800
INST-0109,INST,Instrument/Analyser,Tank-Farm,2013-02-10,4981,1.8,730,2,1,3,2,4800
INST-0110,INST,Instrument/Analyser,Unit-200,2015-09-02,4047,1.8,730,2,1,3,2,4800
INST-0111,INST,Instrument/Analyser,Flare-System,2014-10-23,4361,1.8,730,2,1,3,2,4800
INST-0112,INST,Instrument/Analyser,Unit-100,2013-08-16,4794,1.8,730,2,1,3,2,4800
INST-0113,INST,Instrument/Analyser,Unit-100,2015-07-04,4107,1.8,730,2,1,3,2,4800
INST-0114,INST,Instrument/Analyser,Offsites,2019-08-06,2613,1.8,730,2,1,3,2,4800
INST-0115,INST,Instrument/Analyser,Utilities,2016-08-07,3707,1.8,730,2,1,3,2,4800
INST-0116,INST,Instrument/Analyser,Unit-100,2012-03-08,5320,1.8,730,2,1,3,2,4800
INST-0117,INST,Instrument/Analyser,Flare-System,2021-09-20,1837,1.8,730,2,1,3,2,4800
INST-0118,INST,Instrument/Analyser,Flare-System,2015-06-27,4114,1.8,730,2,1,3,2,4800
INST-0119,INST,Instrument/Analyser,Tank-Farm,2020-11-26,2135,1.8,730,2,1,3,2,4800
INST-0120,INST,Instrument/Analyser,Unit-300,2024-01-08,997,1.8,730,2,1,3,2,4800
INST-0121,INST,Instrument/Analyser,Unit-100,2014-11-16,4337,1.8,730,2,1,3,2,4800
INST-0122,INST,Instrument/Analyser,Flare-System,2018-11-25,2867,1.8,730,2,1,3,2,4800
INST-0123,INST,Instrument/Analyser,Flare-System,2019-03-31,2741,1.8,730,2,1,3,2,4800
INST-0124,INST,Instrument/Analyser,Unit-200,2012-01-26,5362,1.8,730,2,1,3,2,4800
INST-0125,INST,Instrument/Analyser,Unit-300,2014-08-25,4420,1.8,730,2,1,3,2,4800
INST-0126,INST,Instrument/Analyser,Unit-200,2024-07-25,798,1.8,730,2,1,3,2,4800
INST-0127,INST,Instrument/Analyser,Utilities,2014-07-13,4463,1.8,730,2,1,3,2,4800
INST-0128,INST,Instrument/Analyser,Utilities,2012-10-24,5090,1.8,730,2,1,3,2,4800
INST-0129,INST,Instrument/Analyser,Tank-Farm,2025-03-27,553,1.8,730,2,1,3,2,4800
INST-0130,INST,Instrument/Analyser,Flare-System,2020-07-15,2269,1.8,730,2,1,3,2,4800
INST-0131,INST,Instrument/Analyser,Unit-100,2024-03-22,923,1.8,730,2,1,3,2,4800
INST-0132,INST,Instrument/Analyser,Tank-Farm,2016-04-21,3815,1.8,730,2,1,3,2,4800
INST-0133,INST,Instrument/Analyser,Offsites,2014-12-05,4318,1.8,730,2,1,3,2,4800
INST-0134,INST,Instrument/Analyser,Tank-Farm,2013-08-23,4787,1.8,730,2,1,3,2,4800
INST-0135,INST,Instrument/Analyser,Tank-Farm,2014-07-19,4457,1.8,730,2,1,3,2,4800
INST-0136,INST,Instrument/Analyser,Flare-System,2025-01-24,615,1.8,730,2,1,3,2,4800
INST-0137,INST,Instrument/Analyser,Unit-200,2017-01-19,3542,1.8,730,2,1,3,2,4800
INST-0138,INST,Instrument/Analyser,Utilities,2013-09-29,4750,1.8,730,2,1,3,2,4800
INST-0139,INST,Instrument/Analyser,Unit-100,2018-07-21,2994,1.8,730,2,1,3,2,4800
INST-0140,INST,Instrument/Analyser,Utilities,2016-04-11,3825,1.8,730,2,1,3,2,4800
INST-0141,INST,Instrument/Analyser,Unit-100,2020-02-20,2415,1.8,730,2,1,3,2,4800
INST-0142,INST,Instrument/Analyser,Offsites,2013-03-22,4941,1.8,730,2,1,3,2,4800
INST-0143,INST,Instrument/Analyser,Offsites,2022-06-05,1579,1.8,730,2,1,3,2,4800
INST-0144,INST,Instrument/Analyser,Utilities,2013-10-27,4722,1.8,730,2,1,3,2,4800
INST-0145,INST,Instrument/Analyser,Unit-300,2013-10-24,4725,1.8,730,2,1,3,2,4800
INST-0146,INST,Instrument/Analyser,Offsites,2021-07-27,1892,1.8,730,2,1,3,2,4800
INST-0147,INST,Instrument/Analyser,Offsites,2020-03-13,2393,1.8,730,2,1,3,2,4800
INST-0148,INST,Instrument/Analyser,Utilities,2021-11-27,1769,1.8,730,2,1,3,2,4800
INST-0149,INST,Instrument/Analyser,Flare-System,2023-02-16,1323,1.8,730,2,1,3,2,4800
INST-0150,INST,Instrument/Analyser,Offsites,2024-07-25,798,1.8,730,2,1,3,2,4800
INST-0151,INST,Instrument/Analyser,Unit-300,2015-09-17,4032,1.8,730,2,1,3,2,4800
INST-0152,INST,Instrument/Analyser,Utilities,2014-06-16,4490,1.8,730,2,1,3,2,4800
INST-0153,INST,Instrument/Analyser,Flare-System,2021-08-09,1879,1.8,730,2,1,3,2,4800
INST-0154,INST,Instrument/Analyser,Utilities,2020-01-17,2449,1.8,730,2,1,3,2,4800
INST-0155,INST,Instrument/Analyser,Unit-100,2017-09-16,3302,1.8,730,2,1,3,2,4800
INST-0156,INST,Instrument/Analyser,Tank-Farm,2011-10-18,5462,1.8,730,2,1,3,2,4800
INST-0157,INST,Instrument/Analyser,Offsites,2017-06-04,3406,1.8,730,2,1,3,2,4800
INST-0158,INST,Instrument/Analyser,Utilities,2020-04-05,2370,1.8,730,2,1,3,2,4800
INST-0159,INST,Instrument/Analyser,Flare-System,2018-10-19,2904,1.8,730,2,1,3,2,4800
INST-0160,INST,Instrument/Analyser,Unit-100,2023-11-15,1051,1.8,730,2,1,3,2,4800
INST-0161,INST,Instrument/Analyser,Unit-300,2024-10-23,708,1.8,730,2,1,3,2,4800
INST-0162,INST,Instrument/Analyser,Utilities,2022-12-04,1397,1.8,730,2,1,3,2,4800
INST-0163,INST,Instrument/Analyser,Unit-100,2019-05-30,2681,1.8,730,2,1,3,2,4800
INST-0164,INST,Instrument/Analyser,Flare-System,2016-11-15,3607,1.8,730,2,1,3,2,4800
INST-0165,INST,Instrument/Analyser,Unit-300,2019-11-14,2513,1.8,730,2,1,3,2,4800
INST-0166,INST,Instrument/Analyser,Flare-System,2012-05-01,5266,1.8,730,2,1,3,2,4800
INST-0167,INST,Instrument/Analyser,Tank-Farm,2018-03-09,3128,1.8,730,2,1,3,2,4800
INST-0168,INST,Instrument/Analyser,Unit-300,2021-10-08,1819,1.8,730,2,1,3,2,4800
INST-0169,INST,Instrument/Analyser,Flare-System,2022-06-18,1566,1.8,730,2,1,3,2,4800
INST-0170,INST,Instrument/Analyser,Flare-System,2021-03-14,2027,1.8,730,2,1,3,2,4800
INST-0171,INST,Instrument/Analyser,Flare-System,2018-05-06,3070,1.8,730,2,1,3,2,4800
INST-0172,INST,Instrument/Analyser,Unit-200,2015-05-14,4158,1.8,730,2,1,3,2,4800
INST-0173,INST,Instrument/Analyser,Offsites,2016-08-10,3704,1.8,730,2,1,3,2,4800
INST-0174,INST,Instrument/Analyser,Tank-Farm,2021-07-25,1894,1.8,730,2,1,3,2,4800
INST-0175,INST,Instrument/Analyser,Unit-200,2021-03-29,2012,1.8,730,2,1,3,2,4800
INST-0176,INST,Instrument/Analyser,Unit-300,2023-07-30,1159,1.8,730,2,1,3,2,4800
INST-0177,INST,Instrument/Analyser,Flare-System,2021-10-15,1812,1.8,730,2,1,3,2,4800
INST-0178,INST,Instrument/Analyser,Unit-200,2017-11-23,3234,1.8,730,2,1,3,2,4800
INST-0179,INST,Instrument/Analyser,Tank-Farm,2014-10-14,4370,1.8,730,2,1,3,2,4800
INST-0180,INST,Instrument/Analyser,Flare-System,2019-08-14,2605,1.8,730,2,1,3,2,4800
ELEC-0001,ELEC,Electrical Equipment,Utilities,2011-11-02,5447,2.0,1460,3,1,3,3,24000
ELEC-0002,ELEC,Electrical Equipment,Unit-200,2016-04-24,3812,2.0,1460,3,1,3,3,24000
ELEC-0003,ELEC,Electrical Equipment,Tank-Farm,2013-02-14,4977,2.0,1460,3,1,3,3,24000
ELEC-0004,ELEC,Electrical Equipment,Utilities,2014-09-25,4389,2.0,1460,3,1,3,3,24000
ELEC-0005,ELEC,Electrical Equipment,Unit-200,2017-11-20,3237,2.0,1460,3,1,3,3,24000
ELEC-0006,ELEC,Electrical Equipment,Unit-300,2024-04-29,885,2.0,1460,3,1,3,3,24000
ELEC-0007,ELEC,Electrical Equipment,Offsites,2012-05-21,5246,2.0,1460,3,1,3,3,24000
ELEC-0008,ELEC,Electrical Equipment,Flare-System,2018-07-30,2985,2.0,1460,3,1,3,3,24000
ELEC-0009,ELEC,Electrical Equipment,Utilities,2025-04-01,548,2.0,1460,3,1,3,3,24000
ELEC-0010,ELEC,Electrical Equipment,Tank-Farm,2012-04-28,5269,2.0,1460,3,1,3,3,24000
ELEC-0011,ELEC,Electrical Equipment,Unit-100,2025-03-06,574,2.0,1460,3,1,3,3,24000
ELEC-0012,ELEC,Electrical Equipment,Offsites,2022-04-23,1622,2.0,1460,3,1,3,3,24000
ELEC-0013,ELEC,Electrical Equipment,Unit-100,2019-05-21,2690,2.0,1460,3,1,3,3,24000
ELEC-0014,ELEC,Electrical Equipment,Tank-Farm,2018-07-13,3002,2.0,1460,3,1,3,3,24000
ELEC-0015,ELEC,Electrical Equipment,Unit-300,2025-01-14,625,2.0,1460,3,1,3,3,24000
ELEC-0016,ELEC,Electrical Equipment,Offsites,2024-03-10,935,2.0,1460,3,1,3,3,24000
ELEC-0017,ELEC,Electrical Equipment,Unit-300,2024-11-26,674,2.0,1460,3,1,3,3,24000
ELEC-0018,ELEC,Electrical Equipment,Utilities,2015-12-26,3932,2.0,1460,3,1,3,3,24000
ELEC-0019,ELEC,Electrical Equipment,Unit-200,2021-07-11,1908,2.0,1460,3,1,3,3,24000
ELEC-0020,ELEC,Electrical Equipment,Unit-200,2020-03-28,2378,2.0,1460,3,1,3,3,24000
ELEC-0021,ELEC,Electrical Equipment,Unit-300,2025-09-23,373,2.0,1460,3,1,3,3,24000
ELEC-0022,ELEC,Electrical Equipment,Unit-300,2024-03-08,937,2.0,1460,3,1,3,3,24000
ELEC-0023,ELEC,Electrical Equipment,Flare-System,2025-09-25,371,2.0,1460,3,1,3,3,24000
ELEC-0024,ELEC,Electrical Equipment,Unit-200,2018-08-23,2961,2.0,1460,3,1,3,3,24000
ELEC-0025,ELEC,Electrical Equipment,Utilities,2021-02-02,2067,2.0,1460,3,1,3,3,24000
ELEC-0026,ELEC,Electrical Equipment,Utilities,2019-09-19,2569,2.0,1460,3,1,3,3,24000
ELEC-0027,ELEC,Electrical Equipment,Tank-Farm,2013-12-25,4663,2.0,1460,3,1,3,3,24000
ELEC-0028,ELEC,Electrical Equipment,Unit-200,2022-02-09,1695,2.0,1460,3,1,3,3,24000
ELEC-0029,ELEC,Electrical Equipment,Unit-300,2022-05-11,1604,2.0,1460,3,1,3,3,24000
ELEC-0030,ELEC,Electrical Equipment,Flare-System,2019-01-14,2817,2.0,1460,3,1,3,3,24000
ELEC-0031,ELEC,Electrical Equipment,Offsites,2022-07-23,1531,2.0,1460,3,1,3,3,24000
ELEC-0032,ELEC,Electrical Equipment,Unit-200,2021-02-14,2055,2.0,1460,3,1,3,3,24000
ELEC-0033,ELEC,Electrical Equipment,Flare-System,2025-01-26,613,2.0,1460,3,1,3,3,24000
ELEC-0034,ELEC,Electrical Equipment,Flare-System,2019-04-22,2719,2.0,1460,3,1,3,3,24000
ELEC-0035,ELEC,Electrical Equipment,Offsites,2023-08-25,1133,2.0,1460,3,1,3,3,24000
ELEC-0036,ELEC,Electrical Equipment,Unit-300,2025-02-01,607,2.0,1460,3,1,3,3,24000
ELEC-0037,ELEC,Electrical Equipment,Unit-100,2012-11-23,5060,2.0,1460,3,1,3,3,24000
ELEC-0038,ELEC,Electrical Equipment,Flare-System,2025-08-15,412,2.0,1460,3,1,3,3,24000
ELEC-0039,ELEC,Electrical Equipment,Unit-200,2025-04-25,524,2.0,1460,3,1,3,3,24000
ELEC-0040,ELEC,Electrical Equipment,Offsites,2024-03-15,930,2.0,1460,3,1,3,3,24000
ELEC-0041,ELEC,Electrical Equipment,Offsites,2022-05-16,1599,2.0,1460,3,1,3,3,24000
ELEC-0042,ELEC,Electrical Equipment,Unit-200,2017-10-15,3273,2.0,1460,3,1,3,3,24000
ELEC-0043,ELEC,Electrical Equipment,Offsites,2013-11-13,4705,2.0,1460,3,1,3,3,24000
ELEC-0044,ELEC,Electrical Equipment,Unit-200,2025-09-07,389,2.0,1460,3,1,3,3,24000
ELEC-0045,ELEC,Electrical Equipment,Tank-Farm,2017-02-02,3528,2.0,1460,3,1,3,3,24000
ELEC-0046,ELEC,Electrical Equipment,Flare-System,2023-06-23,1196,2.0,1460,3,1,3,3,24000
ELEC-0047,ELEC,Electrical Equipment,Tank-Farm,2013-10-13,4736,2.0,1460,3,1,3,3,24000
ELEC-0048,ELEC,Electrical Equipment,Unit-200,2022-03-12,1664,2.0,1460,3,1,3,3,24000
ELEC-0049,ELEC,Electrical Equipment,Flare-System,2019-05-24,2687,2.0,1460,3,1,3,3,24000
ELEC-0050,ELEC,Electrical Equipment,Flare-System,2017-04-23,3448,2.0,1460,3,1,3,3,24000
ELEC-0051,ELEC,Electrical Equipment,Flare-System,2020-09-10,2212,2.0,1460,3,1,3,3,24000
ELEC-0052,ELEC,Electrical Equipment,Unit-200,2014-05-17,4520,2.0,1460,3,1,3,3,24000
ELEC-0053,ELEC,Electrical Equipment,Unit-300,2014-07-28,4448,2.0,1460,3,1,3,3,24000
ELEC-0054,ELEC,Electrical Equipment,Unit-300,2017-05-07,3434,2.0,1460,3,1,3,3,24000
ELEC-0055,ELEC,Electrical Equipment,Unit-200,2019-12-17,2480,2.0,1460,3,1,3,3,24000
ELEC-0056,ELEC,Electrical Equipment,Tank-Farm,2021-04-22,1988,2.0,1460,3,1,3,3,24000
ELEC-0057,ELEC,Electrical Equipment,Unit-100,2025-05-02,517,2.0,1460,3,1,3,3,24000
ELEC-0058,ELEC,Electrical Equipment,Unit-300,2020-11-26,2135,2.0,1460,3,1,3,3,24000
ELEC-0059,ELEC,Electrical Equipment,Unit-100,2023-06-09,1210,2.0,1460,3,1,3,3,24000
ELEC-0060,ELEC,Electrical Equipment,Tank-Farm,2015-08-10,4070,2.0,1460,3,1,3,3,24000
ELEC-0061,ELEC,Electrical Equipment,Offsites,2015-06-02,4139,2.0,1460,3,1,3,3,24000
ELEC-0062,ELEC,Electrical Equipment,Unit-100,2021-04-25,1985,2.0,1460,3,1,3,3,24000
ELEC-0063,ELEC,Electrical Equipment,Flare-System,2017-06-11,3399,2.0,1460,3,1,3,3,24000
ELEC-0064,ELEC,Electrical Equipment,Tank-Farm,2023-12-28,1008,2.0,1460,3,1,3,3,24000
ELEC-0065,ELEC,Electrical Equipment,Unit-200,2016-01-21,3906,2.0,1460,3,1,3,3,24000
ELEC-0066,ELEC,Electrical Equipment,Tank-Farm,2023-05-02,1248,2.0,1460,3,1,3,3,24000
ELEC-0067,ELEC,Electrical Equipment,Utilities,2011-11-17,5432,2.0,1460,3,1,3,3,24000
ELEC-0068,ELEC,Electrical Equipment,Flare-System,2025-09-11,385,2.0,1460,3,1,3,3,24000
ELEC-0069,ELEC,Electrical Equipment,Unit-100,2011-11-10,5439,2.0,1460,3,1,3,3,24000
ELEC-0070,ELEC,Electrical Equipment,Unit-300,2017-07-28,3352,2.0,1460,3,1,3,3,24000
ELEC-0071,ELEC,Electrical Equipment,Unit-100,2013-03-13,4950,2.0,1460,3,1,3,3,24000
ELEC-0072,ELEC,Electrical Equipment,Unit-300,2013-06-08,4863,2.0,1460,3,1,3,3,24000
ELEC-0073,ELEC,Electrical Equipment,Utilities,2017-01-19,3542,2.0,1460,3,1,3,3,24000
ELEC-0074,ELEC,Electrical Equipment,Tank-Farm,2021-12-06,1760,2.0,1460,3,1,3,3,24000
ELEC-0075,ELEC,Electrical Equipment,Unit-100,2017-06-07,3403,2.0,1460,3,1,3,3,24000
ELEC-0076,ELEC,Electrical Equipment,Unit-300,2021-08-17,1871,2.0,1460,3,1,3,3,24000
ELEC-0077,ELEC,Electrical Equipment,Offsites,2014-01-19,4638,2.0,1460,3,1,3,3,24000
ELEC-0078,ELEC,Electrical Equipment,Unit-100,2025-07-01,457,2.0,1460,3,1,3,3,24000
ELEC-0079,ELEC,Electrical Equipment,Offsites,2022-07-08,1546,2.0,1460,3,1,3,3,24000
ELEC-0080,ELEC,Electrical Equipment,Tank-Farm,2013-07-11,4830,2.0,1460,3,1,3,3,24000
ELEC-0081,ELEC,Electrical Equipment,Unit-200,2017-03-16,3486,2.0,1460,3,1,3,3,24000
ELEC-0082,ELEC,Electrical Equipment,Utilities,2018-01-03,3193,2.0,1460,3,1,3,3,24000
ELEC-0083,ELEC,Electrical Equipment,Unit-300,2016-04-09,3827,2.0,1460,3,1,3,3,24000
ELEC-0084,ELEC,Electrical Equipment,Tank-Farm,2015-08-07,4073,2.0,1460,3,1,3,3,24000
ELEC-0085,ELEC,Electrical Equipment,Utilities,2015-02-21,4240,2.0,1460,3,1,3,3,24000
TNK-0001,TNK,Storage Tank,Unit-200,2011-12-29,5390,3.5,5475,4,5,3,4,390000
TNK-0002,TNK,Storage Tank,Unit-300,2018-07-21,2994,3.5,5475,4,5,3,4,390000
TNK-0003,TNK,Storage Tank,Unit-100,2025-07-30,428,3.5,5475,4,5,3,4,390000
TNK-0004,TNK,Storage Tank,Tank-Farm,2018-06-22,3023,3.5,5475,4,5,3,4,390000
TNK-0005,TNK,Storage Tank,Flare-System,2020-01-17,2449,3.5,5475,4,5,3,4,390000
TNK-0006,TNK,Storage Tank,Unit-100,2013-04-21,4911,3.5,5475,4,5,3,4,390000
TNK-0007,TNK,Storage Tank,Unit-200,2020-03-23,2383,3.5,5475,4,5,3,4,390000
TNK-0008,TNK,Storage Tank,Offsites,2023-08-30,1128,3.5,5475,4,5,3,4,390000
TNK-0009,TNK,Storage Tank,Unit-200,2012-04-19,5278,3.5,5475,4,5,3,4,390000
TNK-0010,TNK,Storage Tank,Unit-200,2022-12-17,1384,3.5,5475,4,5,3,4,390000
TNK-0011,TNK,Storage Tank,Flare-System,2013-09-25,4754,3.5,5475,4,5,3,4,390000
TNK-0012,TNK,Storage Tank,Flare-System,2022-10-13,1449,3.5,5475,4,5,3,4,390000
TNK-0013,TNK,Storage Tank,Flare-System,2019-03-07,2765,3.5,5475,4,5,3,4,390000
TNK-0014,TNK,Storage Tank,Tank-Farm,2013-06-18,4853,3.5,5475,4,5,3,4,390000
TNK-0015,TNK,Storage Tank,Unit-300,2020-06-13,2301,3.5,5475,4,5,3,4,390000
TNK-0016,TNK,Storage Tank,Utilities,2015-05-17,4155,3.5,5475,4,5,3,4,390000
TNK-0017,TNK,Storage Tank,Utilities,2015-07-10,4101,3.5,5475,4,5,3,4,390000
TNK-0018,TNK,Storage Tank,Tank-Farm,2017-10-11,3277,3.5,5475,4,5,3,4,390000
TNK-0019,TNK,Storage Tank,Tank-Farm,2024-04-15,899,3.5,5475,4,5,3,4,390000
TNK-0020,TNK,Storage Tank,Flare-System,2013-08-22,4788,3.5,5475,4,5,3,4,390000
PPL-0001,PPL,Piping/Pipeline Segment,Utilities,2014-08-02,4443,2.0,3285,4,4,3,3,88000
PPL-0002,PPL,Piping/Pipeline Segment,Unit-100,2022-11-22,1409,2.0,3285,4,4,3,3,88000
PPL-0003,PPL,Piping/Pipeline Segment,Utilities,2015-05-08,4164,2.0,3285,4,4,3,3,88000
PPL-0004,PPL,Piping/Pipeline Segment,Unit-100,2012-01-20,5368,2.0,3285,4,4,3,3,88000
PPL-0005,PPL,Piping/Pipeline Segment,Tank-Farm,2020-06-22,2292,2.0,3285,4,4,3,3,88000
PPL-0006,PPL,Piping/Pipeline Segment,Tank-Farm,2013-05-02,4900,2.0,3285,4,4,3,3,88000
PPL-0007,PPL,Piping/Pipeline Segment,Offsites,2020-03-25,2381,2.0,3285,4,4,3,3,88000
PPL-0008,PPL,Piping/Pipeline Segment,Unit-300,2017-03-27,3475,2.0,3285,4,4,3,3,88000
PPL-0009,PPL,Piping/Pipeline Segment,Unit-300,2017-08-16,3333,2.0,3285,4,4,3,3,88000
PPL-0010,PPL,Piping/Pipeline Segment,Unit-300,2017-05-01,3440,2.0,3285,4,4,3,3,88000
PPL-0011,PPL,Piping/Pipeline Segment,Utilities,2012-08-31,5144,2.0,3285,4,4,3,3,88000
PPL-0012,PPL,Piping/Pipeline Segment,Utilities,2022-12-31,1370,2.0,3285,4,4,3,3,88000
PPL-0013,PPL,Piping/Pipeline Segment,Unit-300,2020-06-22,2292,2.0,3285,4,4,3,3,88000
PPL-0014,PPL,Piping/Pipeline Segment,Unit-300,2023-12-02,1034,2.0,3285,4,4,3,3,88000
PPL-0015,PPL,Piping/Pipeline Segment,Unit-300,2023-06-22,1197,2.0,3285,4,4,3,3,88000
PPL-0016,PPL,Piping/Pipeline Segment,Offsites,2021-01-01,2099,2.0,3285,4,4,3,3,88000
PPL-0017,PPL,Piping/Pipeline Segment,Tank-Farm,2012-05-23,5244,2.0,3285,4,4,3,3,88000
PPL-0018,PPL,Piping/Pipeline Segment,Unit-200,2024-05-14,870,2.0,3285,4,4,3,3,88000
PPL-0019,PPL,Piping/Pipeline Segment,Offsites,2015-03-18,4215,2.0,3285,4,4,3,3,88000
PPL-0020,PPL,Piping/Pipeline Segment,Flare-System,2021-11-10,1786,2.0,3285,4,4,3,3,88000
PPL-0021,PPL,Piping/Pipeline Segment,Flare-System,2022-12-04,1397,2.0,3285,4,4,3,3,88000
PPL-0022,PPL,Piping/Pipeline Segment,Unit-200,2018-06-13,3032,2.0,3285,4,4,3,3,88000
PPL-0023,PPL,Piping/Pipeline Segment,Utilities,2019-03-14,2758,2.0,3285,4,4,3,3,88000
PPL-0024,PPL,Piping/Pipeline Segment,Unit-200,2025-02-13,595,2.0,3285,4,4,3,3,88000
PPL-0025,PPL,Piping/Pipeline Segment,Unit-100,2019-01-06,2825,2.0,3285,4,4,3,3,88000
PPL-0026,PPL,Piping/Pipeline Segment,Flare-System,2016-08-15,3699,2.0,3285,4,4,3,3,88000
PPL-0027,PPL,Piping/Pipeline Segment,Flare-System,2018-10-26,2897,2.0,3285,4,4,3,3,88000
PPL-0028,PPL,Piping/Pipeline Segment,Unit-100,2022-03-22,1654,2.0,3285,4,4,3,3,88000
PPL-0029,PPL,Piping/Pipeline Segment,Unit-300,2021-08-17,1871,2.0,3285,4,4,3,3,88000
PPL-0030,PPL,Piping/Pipeline Segment,Tank-Farm,2013-06-27,4844,2.0,3285,4,4,3,3,88000
PPL-0031,PPL,Piping/Pipeline Segment,Unit-100,2013-02-19,4972,2.0,3285,4,4,3,3,88000
PPL-0032,PPL,Piping/Pipeline Segment,Flare-System,2012-01-04,5384,2.0,3285,4,4,3,3,88000
PPL-0033,PPL,Piping/Pipeline Segment,Offsites,2012-06-02,5234,2.0,3285,4,4,3,3,88000
PPL-0034,PPL,Piping/Pipeline Segment,Unit-100,2023-10-28,1069,2.0,3285,4,4,3,3,88000
PPL-0035,PPL,Piping/Pipeline Segment,Unit-200,2021-06-29,1920,2.0,3285,4,4,3,3,88000
PPL-0036,PPL,Piping/Pipeline Segment,Utilities,2024-05-24,860,2.0,3285,4,4,3,3,88000
PPL-0037,PPL,Piping/Pipeline Segment,Tank-Farm,2013-12-01,4687,2.0,3285,4,4,3,3,88000
PPL-0038,PPL,Piping/Pipeline Segment,Offsites,2018-03-01,3136,2.0,3285,4,4,3,3,88000
PPL-0039,PPL,Piping/Pipeline Segment,Unit-100,2023-06-10,1209,2.0,3285,4,4,3,3,88000
PPL-0040,PPL,Piping/Pipeline Segment,Unit-200,2023-07-05,1184,2.0,3285,4,4,3,3,88000
PPL-0041,PPL,Piping/Pipeline Segment,Unit-300,2013-10-31,4718,2.0,3285,4,4,3,3,88000
PPL-0042,PPL,Piping/Pipeline Segment,Offsites,2015-06-20,4121,2.0,3285,4,4,3,3,88000
PPL-0043,PPL,Piping/Pipeline Segment,Tank-Farm,2021-08-11,1877,2.0,3285,4,4,3,3,88000
PPL-0044,PPL,Piping/Pipeline Segment,Unit-300,2020-02-02,2433,2.0,3285,4,4,3,3,88000
PPL-0045,PPL,Piping/Pipeline Segment,Unit-100,2015-02-13,4248,2.0,3285,4,4,3,3,88000
