wo_id,description,asset_tag,asset_class,area,install_date,age_days,task_type,priority,mandatory,estimated_cost_usd,mech_hours,elec_hours,inst_hours,civil_hours,total_craft_hours,duration_days,weibull_beta,weibull_eta,c_safety,c_env,c_prod,c_cost,replace_usd,predecessor_wo_id
WO-00001,Overhaul – Electrical Equipment ELEC-0024,ELEC-0024,ELEC,Unit-200,2018-08-23,2961,Overhaul,Medium,False,432608.5,239.5,22.7,8.5,6.5,277.2,35,2.0,1460,3,1,3,3,24000,
WO-00002,Replacement – Control Valve VLV-0026,VLV-0026,VLV,Tank-Farm,2014-10-09,4375,Replacement,Low,False,113098.0,40.6,11.4,20.0,3.3,75.3,9,1.5,1095,3,2,3,2,13500,
WO-00003,Inspection – Piping/Pipeline Segment PPL-0012,PPL-0012,PPL,Utilities,2022-12-31,1370,Inspection,Medium,False,5185.61,9.5,1.6,4.4,0.4,15.9,2,2.0,3285,4,4,3,3,88000,
WO-00004,Cleaning – Pressure Vessel VSL-0019,VSL-0019,VSL,Unit-200,2014-01-16,4641,Cleaning,Medium,False,15844.97,5.4,0.4,1.1,2.5,9.4,1,2.8,3650,5,5,5,5,290000,
WO-00005,Repair – Instrument/Analyser INST-0114,INST-0114,INST,Offsites,2019-08-06,2613,Repair,Low,False,73788.26,17.4,28.4,3.2,5.3,54.3,7,1.8,730,2,1,3,2,4800,
WO-00006,Inspection – Instrument/Analyser INST-0142,INST-0142,INST,Offsites,2013-03-22,4941,Inspection,High,False,734.91,2.2,1.0,4.2,0.1,7.5,1,1.8,730,2,1,3,2,4800,
WO-00007,Cleaning – Instrument/Analyser INST-0121,INST-0121,INST,Unit-100,2014-11-16,4337,Cleaning,Medium,False,6623.09,21.5,1.9,1.5,9.0,33.9,4,1.8,730,2,1,3,2,4800,
WO-00008,Repair – Instrument/Analyser INST-0082,INST-0082,INST,Tank-Farm,2022-05-05,1610,Repair,Medium,False,16266.45,14.3,21.1,2.9,9.0,47.300000000000004,6,1.8,730,2,1,3,2,4800,
WO-00009,Testing – Instrument/Analyser INST-0007,INST-0007,INST,Unit-100,2017-02-16,3514,Testing,Medium,False,5051.36,10.8,18.8,8.9,1.1,39.6,5,1.8,730,2,1,3,2,4800,
WO-00010,Testing – Instrument/Analyser INST-0111,INST-0111,INST,Flare-System,2014-10-23,4361,Testing,Medium,False,11298.2,4.1,13.5,15.8,0.3,33.7,4,1.8,730,2,1,3,2,4800,
WO-00011,Replacement – Storage Tank TNK-0006,TNK-0006,TNK,Unit-100,2013-04-21,4911,Replacement,Medium,False,18665.17,34.6,5.0,15.8,2.5,57.900000000000006,7,3.5,5475,4,5,3,4,390000,
WO-00012,Inspection – Control Valve VLV-0110,VLV-0110,VLV,Utilities,2024-07-10,813,Inspection,Medium,False,7232.51,2.2,1.0,2.3,0.2,5.7,1,1.5,1095,3,2,3,2,13500,
WO-00013,Repair – Instrument/Analyser INST-0026,INST-0026,INST,Unit-300,2017-03-15,3487,Repair,High,False,73391.62,35.9,8.0,15.0,6.2,65.1,8,1.8,730,2,1,3,2,4800,
WO-00014,Calibration – Heat Exchanger HX-0033,HX-0033,HX,Unit-200,2021-04-25,1985,Calibration,Medium,False,1653.01,1.3,4.9,11.0,0.2,17.4,2,2.0,2190,4,3,5,4,195000,
WO-00015,Inspection – Control Valve VLV-0089,VLV-0089,VLV,Unit-200,2016-01-12,3915,Inspection,Medium,False,6359.44,8.4,1.5,1.1,0.3,11.3,1,1.5,1095,3,2,3,2,13500,
WO-00016,Cleaning – Electrical Equipment ELEC-0008,ELEC-0008,ELEC,Flare-System,2018-07-30,2985,Cleaning,Critical,False,23061.33,13.0,1.8,0.3,5.0,20.1,3,2.0,1460,3,1,3,3,24000,
WO-00017,Calibration – Instrument/Analyser INST-0106,INST-0106,INST,Offsites,2016-11-19,3603,Calibration,Critical,False,621.83,0.5,8.2,12.6,0.0,21.299999999999997,3,1.8,730,2,1,3,2,4800,
WO-00018,Overhaul – Reciprocating Compressor CMP-0017,CMP-0017,CMP,Offsites,2013-07-07,4834,Overhaul,Critical,False,193398.98,76.1,33.8,17.6,15.8,143.3,18,3.0,1460,5,4,5,5,490000,
WO-00019,Inspection – Instrument/Analyser INST-0048,INST-0048,INST,Flare-System,2024-09-28,733,Inspection,Low,False,1621.98,3.9,0.1,2.2,0.9,7.1000000000000005,1,1.8,730,2,1,3,2,4800,
WO-00020,Replacement – Electrical Equipment ELEC-0033,ELEC-0033,ELEC,Flare-System,2025-01-26,613,Replacement,High,False,71220.87,37.5,16.9,8.7,3.7,66.8,8,2.0,1460,3,1,3,3,24000,WO-00015
WO-00021,Inspection – Centrifugal Pump PMP-0078,PMP-0078,PMP,Tank-Farm,2015-02-20,4241,Inspection,Critical,False,2928.69,9.0,1.8,1.4,0.5,12.700000000000001,2,2.5,1825,3,2,4,3,48000,
WO-00022,Overhaul – Centrifugal Pump PMP-0039,PMP-0039,PMP,Unit-100,2017-10-17,3271,Overhaul,High,False,339510.92,44.1,43.4,48.9,17.1,153.5,19,2.5,1825,3,2,4,3,48000,
WO-00023,Cleaning – Control Valve VLV-0112,VLV-0112,VLV,Unit-200,2014-12-02,4321,Cleaning,Medium,False,9022.56,7.6,1.2,0.1,8.6,17.5,2,1.5,1095,3,2,3,2,13500,
WO-00024,Overhaul – Instrument/Analyser INST-0117,INST-0117,INST,Flare-System,2021-09-20,1837,Overhaul,Medium,False,206394.95,233.9,15.3,14.4,7.3,270.90000000000003,34,1.8,730,2,1,3,2,4800,
WO-00025,Testing – Control Valve VLV-0063,VLV-0063,VLV,Flare-System,2024-05-13,871,Testing,Medium,False,3914.39,18.3,9.6,17.0,0.1,45.0,6,1.5,1095,3,2,3,2,13500,
WO-00026,Cleaning – Electrical Equipment ELEC-0039,ELEC-0039,ELEC,Unit-200,2025-04-25,524,Cleaning,Medium,False,13871.67,9.7,1.7,1.9,5.7,19.0,2,2.0,1460,3,1,3,3,24000,
WO-00027,Calibration – Electrical Equipment ELEC-0055,ELEC-0055,ELEC,Unit-200,2019-12-17,2480,Calibration,High,False,876.17,1.7,4.2,16.4,0.1,22.4,3,2.0,1460,3,1,3,3,24000,
WO-00028,Cleaning – Instrument/Analyser INST-0039,INST-0039,INST,Utilities,2016-12-29,3563,Cleaning,High,False,13598.13,24.4,2.0,0.2,4.2,30.799999999999997,4,1.8,730,2,1,3,2,4800,
WO-00029,Overhaul – Control Valve VLV-0104,VLV-0104,VLV,Offsites,2019-03-26,2746,Overhaul,Medium,False,303937.2,211.2,40.4,8.8,13.1,273.5,34,1.5,1095,3,2,3,2,13500,
WO-00030,Overhaul – Centrifugal Pump PMP-0026,PMP-0026,PMP,Utilities,2022-07-30,1524,Overhaul,Critical,False,91427.47,119.5,25.3,15.9,19.1,179.8,22,2.5,1825,3,2,4,3,48000,
WO-00031,Cleaning – Electrical Equipment ELEC-0039,ELEC-0039,ELEC,Unit-200,2025-04-25,524,Cleaning,Medium,False,13377.52,25.1,0.2,0.2,4.4,29.9,4,2.0,1460,3,1,3,3,24000,
WO-00032,Replacement – Electrical Equipment ELEC-0085,ELEC-0085,ELEC,Utilities,2015-02-21,4240,Replacement,Low,False,92766.51,20.8,3.5,12.3,8.0,44.6,6,2.0,1460,3,1,3,3,24000,
WO-00033,Calibration – Pressure Vessel VSL-0023,VSL-0023,VSL,Unit-100,2013-03-15,4948,Calibration,Medium,False,1762.08,1.4,7.5,7.7,0.6,17.200000000000003,2,2.8,3650,5,5,5,5,290000,
WO-00034,Replacement – Instrument/Analyser INST-0029,INST-0029,INST,Unit-200,2017-07-09,3371,Replacement,Low,False,80206.91,33.0,11.1,5.8,7.0,56.9,7,1.8,730,2,1,3,2,4800,
WO-00035,Inspection – Instrument/Analyser INST-0177,INST-0177,INST,Flare-System,2021-10-15,1812,Inspection,High,False,3309.18,2.4,0.1,5.0,0.5,8.0,1,1.8,730,2,1,3,2,4800,
WO-00036,Replacement – Instrument/Analyser INST-0141,INST-0141,INST,Unit-100,2020-02-20,2415,Replacement,Medium,False,117701.45,21.1,15.1,9.7,1.6,47.50000000000001,6,1.8,730,2,1,3,2,4800,
WO-00037,Inspection – Heat Exchanger HX-0005,HX-0005,HX,Offsites,2021-02-19,2050,Inspection,Critical,False,5600.54,4.0,1.5,4.1,0.7,10.299999999999999,1,2.0,2190,4,3,5,4,195000,
WO-00038,Calibration – Instrument/Analyser INST-0126,INST-0126,INST,Unit-200,2024-07-25,798,Calibration,Medium,False,2972.41,0.5,4.2,17.0,0.2,21.9,3,1.8,730,2,1,3,2,4800,
WO-00039,Calibration – Storage Tank TNK-0019,TNK-0019,TNK,Tank-Farm,2024-04-15,899,Calibration,Critical,False,304.05,1.1,6.6,8.9,0.9,17.5,2,3.5,5475,4,5,3,4,390000,
WO-00040,Replacement – Instrument/Analyser INST-0175,INST-0175,INST,Unit-200,2021-03-29,2012,Replacement,Critical,False,102596.9,17.9,16.8,5.6,5.4,45.7,6,1.8,730,2,1,3,2,4800,WO-00037
WO-00041,Calibration – Instrument/Analyser INST-0007,INST-0007,INST,Unit-100,2017-02-16,3514,Calibration,Medium,False,2413.68,1.7,9.9,14.8,0.8,27.2,3,1.8,730,2,1,3,2,4800,
WO-00042,Repair – Instrument/Analyser INST-0033,INST-0033,INST,Unit-200,2017-09-28,3290,Repair,High,False,52213.15,89.3,10.1,10.9,7.6,117.89999999999999,15,1.8,730,2,1,3,2,4800,
WO-00043,Replacement – Control Valve VLV-0029,VLV-0029,VLV,Tank-Farm,2022-07-01,1553,Replacement,Medium,False,117474.92,30.6,5.3,10.6,4.6,51.1,6,1.5,1095,3,2,3,2,13500,
WO-00044,Testing – Instrument/Analyser INST-0119,INST-0119,INST,Tank-Farm,2020-11-26,2135,Testing,High,False,14805.56,13.7,18.0,10.4,1.7,43.800000000000004,5,1.8,730,2,1,3,2,4800,
WO-00045,Inspection – Control Valve VLV-0018,VLV-0018,VLV,Utilities,2012-10-24,5090,Inspection,High,False,7802.09,8.9,0.6,3.7,0.5,13.7,2,1.5,1095,3,2,3,2,13500,
WO-00046,Replacement – Control Valve VLV-0080,VLV-0080,VLV,Tank-Farm,2021-08-06,1882,Replacement,Low,False,20643.16,36.6,10.0,14.2,2.9,63.699999999999996,8,1.5,1095,3,2,3,2,13500,
WO-00047,Cleaning – Control Valve VLV-0033,VLV-0033,VLV,Unit-300,2020-07-07,2277,Cleaning,High,False,22590.42,6.6,1.2,1.7,4.6,14.1,2,1.5,1095,3,2,3,2,13500,
WO-00048,Replacement – Control Valve VLV-0076,VLV-0076,VLV,Unit-300,2022-07-01,1553,Replacement,Critical,False,36387.38,31.3,7.9,9.4,6.8,55.4,7,1.5,1095,3,2,3,2,13500,WO-00019
WO-00049,Replacement – Control Valve VLV-0096,VLV-0096,VLV,Unit-300,2014-07-19,4457,Replacement,Medium,False,84321.48,17.1,6.0,8.0,1.0,32.1,4,1.5,1095,3,2,3,2,13500,
WO-00050,Inspection – Centrifugal Pump PMP-0052,PMP-0052,PMP,Unit-300,2016-06-28,3747,Inspection,High,False,2619.75,10.0,1.8,1.9,0.3,14.000000000000002,2,2.5,1825,3,2,4,3,48000,
WO-00051,Repair – Instrument/Analyser INST-0155,INST-0155,INST,Unit-100,2017-09-16,3302,Repair,Low,False,64606.38,19.6,7.2,9.5,8.8,45.099999999999994,6,1.8,730,2,1,3,2,4800,
WO-00052,Inspection – Pressure Vessel VSL-0022,VSL-0022,VSL,Offsites,2016-08-27,3687,Inspection,Critical,False,4849.8,3.2,1.4,4.7,0.5,9.8,1,2.8,3650,5,5,5,5,290000,
WO-00053,Cleaning – Piping/Pipeline Segment PPL-0014,PPL-0014,PPL,Unit-300,2023-12-02,1034,Cleaning,Critical,False,10804.4,23.5,0.7,1.7,4.2,30.099999999999998,4,2.0,3285,4,4,3,3,88000,
WO-00054,Replacement – Heat Exchanger HX-0033,HX-0033,HX,Unit-200,2021-04-25,1985,Replacement,Critical,False,9015.32,22.6,13.9,6.8,2.0,45.3,6,2.0,2190,4,3,5,4,195000,
WO-00055,Inspection – Instrument/Analyser INST-0124,INST-0124,INST,Unit-200,2012-01-26,5362,Inspection,Low,False,7072.3,9.6,0.1,4.0,0.7,14.399999999999999,2,1.8,730,2,1,3,2,4800,
WO-00056,Replacement – Heat Exchanger HX-0032,HX-0032,HX,Tank-Farm,2014-06-11,4495,Replacement,Critical,False,37833.53,31.6,17.4,18.6,5.2,72.8,9,2.0,2190,4,3,5,4,195000,
WO-00057,Calibration – Instrument/Analyser INST-0048,INST-0048,INST,Flare-System,2024-09-28,733,Calibration,Medium,False,2592.68,0.8,7.3,10.4,0.5,19.0,2,1.8,730,2,1,3,2,4800,
WO-00058,Calibration – Instrument/Analyser INST-0013,INST-0013,INST,Utilities,2014-10-13,4371,Calibration,High,False,2937.02,0.9,4.7,10.0,0.1,15.700000000000001,2,1.8,730,2,1,3,2,4800,
WO-00059,Inspection – Pressure Vessel VSL-0027,VSL-0027,VSL,Unit-200,2013-01-04,5018,Inspection,High,False,3766.42,3.3,0.7,4.2,0.2,8.399999999999999,1,2.8,3650,5,5,5,5,290000,
WO-00060,Repair – Instrument/Analyser INST-0115,INST-0115,INST,Utilities,2016-08-07,3707,Repair,High,False,46220.48,25.8,13.0,12.6,5.6,57.0,7,1.8,730,2,1,3,2,4800,
WO-00061,Overhaul – Electrical Equipment ELEC-0043,ELEC-0043,ELEC,Offsites,2013-11-13,4705,Overhaul,Low,False,332694.02,93.5,33.7,10.9,10.7,148.79999999999998,19,2.0,1460,3,1,3,3,24000,
WO-00062,Replacement – Control Valve VLV-0065,VLV-0065,VLV,Flare-System,2012-01-18,5370,Replacement,High,False,74595.34,29.3,7.7,22.3,4.1,63.4,8,1.5,1095,3,2,3,2,13500,
WO-00063,Repair – Electrical Equipment ELEC-0057,ELEC-0057,ELEC,Unit-100,2025-05-02,517,Repair,High,False,60183.66,70.7,5.3,4.4,6.7,87.10000000000001,11,2.0,1460,3,1,3,3,24000,WO-00046
WO-00064,Replacement – Reciprocating Compressor CMP-0001,CMP-0001,CMP,Unit-200,2012-08-27,5148,Replacement,High,False,94600.93,22.9,3.3,4.7,5.0,35.9,4,3.0,1460,5,4,5,5,490000,
WO-00065,Repair – Control Valve VLV-0050,VLV-0050,VLV,Utilities,2017-06-25,3385,Repair,Low,False,10642.74,26.1,17.8,8.6,5.3,57.800000000000004,7,1.5,1095,3,2,3,2,13500,
WO-00066,Cleaning – Control Valve VLV-0061,VLV-0061,VLV,Unit-100,2014-02-03,4623,Cleaning,Medium,False,10962.89,27.7,0.1,1.9,6.0,35.7,4,1.5,1095,3,2,3,2,13500,
WO-00067,Testing – Piping/Pipeline Segment PPL-0016,PPL-0016,PPL,Offsites,2021-01-01,2099,Testing,Critical,False,7856.2,9.9,9.4,17.2,1.1,37.6,5,2.0,3285,4,4,3,3,88000,
WO-00068,Calibration – Centrifugal Pump PMP-0074,PMP-0074,PMP,Flare-System,2019-05-17,2694,Calibration,Critical,False,2003.44,0.8,2.0,11.1,0.0,13.899999999999999,2,2.5,1825,3,2,4,3,48000,
WO-00069,Overhaul – Control Valve VLV-0114,VLV-0114,VLV,Tank-Farm,2013-03-08,4955,Overhaul,Low,False,62923.13,95.1,35.5,21.0,24.0,175.6,22,1.5,1095,3,2,3,2,13500,
WO-00070,Cleaning – Pressure Vessel VSL-0012,VSL-0012,VSL,Utilities,2014-03-16,4582,Cleaning,High,False,24206.73,24.8,0.6,1.5,3.1,30.000000000000004,4,2.8,3650,5,5,5,5,290000,WO-00029
WO-00071,Overhaul – Electrical Equipment ELEC-0026,ELEC-0026,ELEC,Utilities,2019-09-19,2569,Overhaul,High,False,24843.17,94.8,48.1,21.3,7.6,171.8,21,2.0,1460,3,1,3,3,24000,
WO-00072,Overhaul – Instrument/Analyser INST-0010,INST-0010,INST,Unit-300,2023-05-01,1249,Overhaul,Medium,False,507949.81,191.6,26.3,16.8,4.9,239.60000000000002,30,1.8,730,2,1,3,2,4800,
WO-00073,Calibration – Piping/Pipeline Segment PPL-0025,PPL-0025,PPL,Unit-100,2019-01-06,2825,Calibration,High,False,2243.11,0.8,6.8,11.0,0.6,19.200000000000003,2,2.0,3285,4,4,3,3,88000,WO-00039
WO-00074,Calibration – Instrument/Analyser INST-0169,INST-0169,INST,Flare-System,2022-06-18,1566,Calibration,Medium,False,1621.58,1.9,5.4,4.3,0.2,11.8,1,1.8,730,2,1,3,2,4800,
WO-00075,Cleaning – Instrument/Analyser INST-0146,INST-0146,INST,Offsites,2021-07-27,1892,Cleaning,Medium,False,14257.23,21.1,0.5,1.3,7.6,30.5,4,1.8,730,2,1,3,2,4800,
WO-00076,Overhaul – Instrument/Analyser INST-0177,INST-0177,INST,Flare-System,2021-10-15,1812,Overhaul,High,False,119671.0,122.8,41.0,46.2,15.9,225.9,28,1.8,730,2,1,3,2,4800,
WO-00077,Calibration – Heat Exchanger HX-0021,HX-0021,HX,Unit-100,2014-03-11,4587,Calibration,Critical,True,2272.41,0.7,8.6,5.2,0.0,14.5,2,2.0,2190,4,3,5,4,195000,
WO-00078,Inspection – Pressure Vessel VSL-0027,VSL-0027,VSL,Unit-200,2013-01-04,5018,Inspection,Critical,False,7104.07,5.4,0.5,2.7,0.4,9.000000000000002,1,2.8,3650,5,5,5,5,290000,
WO-00079,Inspection – Instrument/Analyser INST-0073,INST-0073,INST,Unit-100,2015-03-09,4224,Inspection,Low,False,5453.77,3.1,1.6,1.8,0.7,7.2,1,1.8,730,2,1,3,2,4800,WO-00052
WO-00080,Inspection – Reciprocating Compressor CMP-0015,CMP-0015,CMP,Tank-Farm,2023-08-10,1148,Inspection,Critical,True,1241.92,9.6,0.9,3.5,0.0,14.0,2,3.0,1460,5,4,5,5,490000,
WO-00081,Overhaul – Centrifugal Pump PMP-0074,PMP-0074,PMP,Flare-System,2019-05-17,2694,Overhaul,Critical,True,533437.71,94.3,40.6,35.8,6.3,177.0,22,2.5,1825,3,2,4,3,48000,
WO-00082,Replacement – Heat Exchanger HX-0005,HX-0005,HX,Offsites,2021-02-19,2050,Replacement,High,False,55890.67,41.0,9.8,8.9,7.3,67.0,8,2.0,2190,4,3,5,4,195000,
WO-00083,Overhaul – Electrical Equipment ELEC-0019,ELEC-0019,ELEC,Unit-200,2021-07-11,1908,Overhaul,High,False,339335.46,84.4,36.6,24.3,11.3,156.60000000000002,20,2.0,1460,3,1,3,3,24000,
WO-00084,Cleaning – Instrument/Analyser INST-0117,INST-0117,INST,Flare-System,2021-09-20,1837,Cleaning,Medium,False,15463.95,12.2,1.7,1.7,2.9,18.499999999999996,2,1.8,730,2,1,3,2,4800,
WO-00085,Replacement – Control Valve VLV-0043,VLV-0043,VLV,Unit-300,2023-09-27,1100,Replacement,Medium,False,119967.21,19.7,7.0,12.8,3.4,42.9,5,1.5,1095,3,2,3,2,13500,
WO-00086,Overhaul – Instrument/Analyser INST-0167,INST-0167,INST,Tank-Farm,2018-03-09,3128,Overhaul,High,False,144214.12,141.3,45.3,41.3,14.0,241.90000000000003,30,1.8,730,2,1,3,2,4800,
WO-00087,Inspection – Instrument/Analyser INST-0141,INST-0141,INST,Unit-100,2020-02-20,2415,Inspection,Medium,False,7100.03,7.7,1.1,4.5,0.1,13.4,2,1.8,730,2,1,3,2,4800,
WO-00088,Replacement – Electrical Equipment ELEC-0036,ELEC-0036,ELEC,Unit-300,2025-02-01,607,Replacement,Low,False,18866.41,32.2,9.0,22.8,3.9,67.9,8,2.0,1460,3,1,3,3,24000,
WO-00089,Calibration – Storage Tank TNK-0009,TNK-0009,TNK,Unit-200,2012-04-19,5278,Calibration,Critical,False,2070.19,1.8,5.3,10.2,0.2,17.499999999999996,2,3.5,5475,4,5,3,4,390000,
WO-00090,Repair – Electrical Equipment ELEC-0077,ELEC-0077,ELEC,Offsites,2014-01-19,4638,Repair,High,False,39001.81,39.4,9.6,10.7,7.4,67.10000000000001,8,2.0,1460,3,1,3,3,24000,
WO-00091,Calibration – Heat Exchanger HX-0033,HX-0033,HX,Unit-200,2021-04-25,1985,Calibration,Critical,True,1963.41,1.6,4.0,14.1,0.2,19.9,2,2.0,2190,4,3,5,4,195000,
WO-00092,Calibration – Electrical Equipment ELEC-0007,ELEC-0007,ELEC,Offsites,2012-05-21,5246,Calibration,Low,False,1968.67,0.4,8.9,4.9,0.6,14.8,2,2.0,1460,3,1,3,3,24000,WO-00053
WO-00093,Cleaning – Control Valve VLV-0112,VLV-0112,VLV,Unit-200,2014-12-02,4321,Cleaning,High,False,20216.12,18.3,1.6,1.3,7.5,28.700000000000003,4,1.5,1095,3,2,3,2,13500,
WO-00094,Calibration – Control Valve VLV-0119,VLV-0119,VLV,Flare-System,2019-08-17,2602,Calibration,High,False,866.15,2.0,3.8,7.8,0.9,14.5,2,1.5,1095,3,2,3,2,13500,
WO-00095,Replacement – Instrument/Analyser INST-0111,INST-0111,INST,Flare-System,2014-10-23,4361,Replacement,High,False,87183.62,16.3,4.9,13.7,3.2,38.10000000000001,5,1.8,730,2,1,3,2,4800,
WO-00096,Inspection – Instrument/Analyser INST-0083,INST-0083,INST,Tank-Farm,2016-10-30,3623,Inspection,Critical,True,3341.33,4.5,0.1,3.5,0.6,8.7,1,1.8,730,2,1,3,2,4800,
WO-00097,Replacement – Pressure Vessel VSL-0009,VSL-0009,VSL,Unit-100,2017-07-10,3370,Replacement,Medium,False,105372.64,38.3,9.4,13.3,2.9,63.9,8,2.8,3650,5,5,5,5,290000,
WO-00098,Repair – Piping/Pipeline Segment PPL-0045,PPL-0045,PPL,Unit-100,2015-02-13,4248,Repair,Critical,True,73031.8,28.6,12.1,4.9,3.8,49.4,6,2.0,3285,4,4,3,3,88000,
WO-00099,Cleaning – Heat Exchanger HX-0029,HX-0029,HX,Unit-200,2022-07-13,1541,Cleaning,Medium,False,5551.51,26.1,0.2,0.0,8.8,35.1,4,2.0,2190,4,3,5,4,195000,
WO-00100,Replacement – Centrifugal Pump PMP-0061,PMP-0061,PMP,Utilities,2023-08-15,1143,Replacement,High,False,73482.47,19.6,5.0,13.4,4.2,42.2,5,2.5,1825,3,2,4,3,48000,
WO-00101,Replacement – Centrifugal Pump PMP-0019,PMP-0019,PMP,Utilities,2025-02-20,588,Replacement,Medium,False,81236.69,47.9,5.0,4.9,5.0,62.8,8,2.5,1825,3,2,4,3,48000,
WO-00102,Cleaning – Electrical Equipment ELEC-0035,ELEC-0035,ELEC,Offsites,2023-08-25,1133,Cleaning,Medium,False,17845.16,13.7,0.5,1.1,3.6,18.9,2,2.0,1460,3,1,3,3,24000,
WO-00103,Inspection – Pressure Vessel VSL-0001,VSL-0001,VSL,Tank-Farm,2018-01-06,3190,Inspection,Low,False,2755.35,6.1,1.0,3.4,0.4,10.9,1,2.8,3650,5,5,5,5,290000,
WO-00104,Repair – Pressure Vessel VSL-0020,VSL-0020,VSL,Offsites,2024-04-06,908,Repair,Critical,True,70570.85,65.9,20.5,13.0,4.9,104.30000000000001,13,2.8,3650,5,5,5,5,290000,
WO-00105,Cleaning – Instrument/Analyser INST-0112,INST-0112,INST,Unit-100,2013-08-16,4794,Cleaning,Medium,False,1612.76,4.2,1.7,0.1,6.2,12.2,2,1.8,730,2,1,3,2,4800,
WO-00106,Inspection – Pressure Vessel VSL-0019,VSL-0019,VSL,Unit-200,2014-01-16,4641,Inspection,Critical,False,7228.41,3.5,1.8,4.1,0.2,9.599999999999998,1,2.8,3650,5,5,5,5,290000,
WO-00107,Replacement – Instrument/Analyser INST-0065,INST-0065,INST,Unit-200,2018-05-28,3048,Replacement,High,False,50764.32,20.8,20.0,8.6,8.5,57.9,7,1.8,730,2,1,3,2,4800,WO-00038
WO-00108,Testing – Centrifugal Pump PMP-0037,PMP-0037,PMP,Unit-200,2015-11-20,3968,Testing,Critical,True,3770.09,9.6,15.2,6.4,1.6,32.8,4,2.5,1825,3,2,4,3,48000,
WO-00109,Cleaning – Heat Exchanger HX-0018,HX-0018,HX,Unit-200,2021-02-10,2059,Cleaning,Critical,True,14191.21,18.5,0.1,0.3,3.3,22.200000000000003,3,2.0,2190,4,3,5,4,195000,
WO-00110,Inspection – Piping/Pipeline Segment PPL-0003,PPL-0003,PPL,Utilities,2015-05-08,4164,Inspection,High,False,7422.22,6.1,1.2,2.4,0.3,10.0,1,2.0,3285,4,4,3,3,88000,
WO-00111,Replacement – Pressure Vessel VSL-0028,VSL-0028,VSL,Flare-System,2016-07-27,3718,Replacement,High,False,44519.28,31.5,11.1,23.7,3.0,69.3,9,2.8,3650,5,5,5,5,290000,
WO-00112,Inspection – Heat Exchanger HX-0025,HX-0025,HX,Unit-200,2021-10-25,1802,Inspection,Critical,False,3189.99,7.7,0.3,3.3,0.4,11.700000000000001,1,2.0,2190,4,3,5,4,195000,
WO-00113,Testing – Control Valve VLV-0098,VLV-0098,VLV,Flare-System,2014-08-17,4428,Testing,Medium,False,6497.25,16.1,12.3,22.7,0.6,51.7,6,1.5,1095,3,2,3,2,13500,
WO-00114,Calibration – Control Valve VLV-0076,VLV-0076,VLV,Unit-300,2022-07-01,1553,Calibration,Medium,False,1162.27,0.7,10.0,12.9,0.7,24.3,3,1.5,1095,3,2,3,2,13500,
WO-00115,Repair – Control Valve VLV-0038,VLV-0038,VLV,Tank-Farm,2015-04-25,4177,Repair,Low,False,69222.36,59.8,11.7,2.4,6.5,80.4,10,1.5,1095,3,2,3,2,13500,
WO-00116,Overhaul – Control Valve VLV-0050,VLV-0050,VLV,Utilities,2017-06-25,3385,Overhaul,Medium,False,111353.09,97.6,29.4,43.1,7.4,177.5,22,1.5,1095,3,2,3,2,13500,
WO-00117,Calibration – Instrument/Analyser INST-0162,INST-0162,INST,Utilities,2022-12-04,1397,Calibration,Critical,False,2820.93,0.2,9.4,13.6,0.8,24.0,3,1.8,730,2,1,3,2,4800,
WO-00118,Overhaul – Centrifugal Pump PMP-0067,PMP-0067,PMP,Unit-300,2012-04-17,5280,Overhaul,Critical,True,379238.36,101.4,26.1,31.3,15.1,173.9,22,2.5,1825,3,2,4,3,48000,
WO-00119,Overhaul – Control Valve VLV-0060,VLV-0060,VLV,Flare-System,2018-06-04,3041,Overhaul,High,False,140083.62,223.3,49.0,20.6,7.5,300.40000000000003,38,1.5,1095,3,2,3,2,13500,
WO-00120,Overhaul – Distillation Tower TWR-0011,TWR-0011,TWR,Unit-100,2018-09-10,2943,Overhaul,Medium,False,526585.78,140.0,10.3,9.7,8.5,168.5,21,2.2,2920,5,5,5,5,980000,WO-00098
WO-00121,Cleaning – Instrument/Analyser INST-0044,INST-0044,INST,Unit-200,2018-06-22,3023,Cleaning,Low,False,14510.99,11.7,1.9,0.7,8.7,23.0,3,1.8,730,2,1,3,2,4800,
WO-00122,Overhaul – Electrical Equipment ELEC-0076,ELEC-0076,ELEC,Unit-300,2021-08-17,1871,Overhaul,High,False,538159.22,95.4,35.7,11.7,13.5,156.3,20,2.0,1460,3,1,3,3,24000,
WO-00123,Inspection – Storage Tank TNK-0018,TNK-0018,TNK,Tank-Farm,2017-10-11,3277,Inspection,Low,False,627.57,4.6,1.2,2.8,0.3,8.9,1,3.5,5475,4,5,3,4,390000,
WO-00124,Testing – Control Valve VLV-0053,VLV-0053,VLV,Utilities,2013-07-05,4836,Testing,Medium,False,2321.97,9.5,17.0,18.7,0.7,45.900000000000006,6,1.5,1095,3,2,3,2,13500,
WO-00125,Inspection – Instrument/Analyser INST-0043,INST-0043,INST,Flare-System,2018-09-15,2938,Inspection,High,False,3055.41,7.7,1.3,4.3,0.0,13.3,2,1.8,730,2,1,3,2,4800,
WO-00126,Inspection – Centrifugal Pump PMP-0014,PMP-0014,PMP,Offsites,2015-02-23,4238,Inspection,Critical,True,2021.65,2.0,1.0,3.1,0.7,6.8,1,2.5,1825,3,2,4,3,48000,
WO-00127,Inspection – Instrument/Analyser INST-0092,INST-0092,INST,Unit-300,2013-01-10,5012,Inspection,Low,False,5586.79,2.4,1.7,1.1,0.5,5.699999999999999,1,1.8,730,2,1,3,2,4800,
WO-00128,Cleaning – Heat Exchanger HX-0016,HX-0016,HX,Flare-System,2017-10-02,3286,Cleaning,Low,False,15602.0,20.4,0.2,1.3,9.0,30.9,4,2.0,2190,4,3,5,4,195000,
WO-00129,Overhaul – Centrifugal Pump PMP-0046,PMP-0046,PMP,Unit-300,2025-04-27,522,Overhaul,Critical,False,216535.34,190.7,30.8,18.8,7.4,247.70000000000002,31,2.5,1825,3,2,4,3,48000,
WO-00130,Overhaul – Instrument/Analyser INST-0126,INST-0126,INST,Unit-200,2024-07-25,798,Overhaul,Critical,False,114522.78,43.9,10.2,47.1,5.5,106.69999999999999,13,1.8,730,2,1,3,2,4800,WO-00048
WO-00131,Overhaul – Heat Exchanger HX-0031,HX-0031,HX,Unit-300,2020-07-24,2260,Overhaul,Critical,False,158383.67,232.5,46.3,25.0,13.0,316.8,40,2.0,2190,4,3,5,4,195000,
WO-00132,Inspection – Instrument/Analyser INST-0005,INST-0005,INST,Offsites,2012-01-15,5373,Inspection,High,False,2767.07,3.0,0.2,3.2,0.1,6.5,1,1.8,730,2,1,3,2,4800,
WO-00133,Overhaul – Centrifugal Pump PMP-0063,PMP-0063,PMP,Unit-200,2020-06-02,2312,Overhaul,Medium,False,273735.18,67.5,8.2,16.1,8.7,100.50000000000001,13,2.5,1825,3,2,4,3,48000,WO-00065
WO-00134,Repair – Instrument/Analyser INST-0172,INST-0172,INST,Unit-200,2015-05-14,4158,Repair,High,False,33663.66,45.3,22.5,13.3,2.7,83.8,10,1.8,730,2,1,3,2,4800,
WO-00135,Overhaul – Electrical Equipment ELEC-0004,ELEC-0004,ELEC,Utilities,2014-09-25,4389,Overhaul,Medium,False,345424.59,67.7,20.3,20.8,9.2,118.0,15,2.0,1460,3,1,3,3,24000,
WO-00136,Cleaning – Instrument/Analyser INST-0066,INST-0066,INST,Offsites,2023-06-18,1201,Cleaning,Critical,False,13225.36,8.8,0.2,1.6,5.8,16.4,2,1.8,730,2,1,3,2,4800,
WO-00137,Replacement – Electrical Equipment ELEC-0048,ELEC-0048,ELEC,Unit-200,2022-03-12,1664,Replacement,Medium,False,97463.88,47.1,17.8,16.0,4.8,85.7,11,2.0,1460,3,1,3,3,24000,WO-00091
WO-00138,Inspection – Pressure Vessel VSL-0020,VSL-0020,VSL,Offsites,2024-04-06,908,Inspection,Critical,True,5415.91,6.7,0.3,4.5,0.4,11.9,1,2.8,3650,5,5,5,5,290000,
WO-00139,Replacement – Reciprocating Compressor CMP-0002,CMP-0002,CMP,Utilities,2023-06-13,1206,Replacement,Medium,False,105033.52,55.7,10.8,23.1,8.9,98.5,12,3.0,1460,5,4,5,5,490000,
WO-00140,Repair – Heat Exchanger HX-0015,HX-0015,HX,Utilities,2018-11-20,2872,Repair,Medium,False,31786.28,77.6,19.0,15.0,2.6,114.19999999999999,14,2.0,2190,4,3,5,4,195000,
WO-00141,Testing – Control Valve VLV-0004,VLV-0004,VLV,Unit-200,2025-07-22,436,Testing,Medium,False,4888.62,19.8,11.6,8.0,0.2,39.6,5,1.5,1095,3,2,3,2,13500,
WO-00142,Cleaning – Reciprocating Compressor CMP-0010,CMP-0010,CMP,Flare-System,2020-07-10,2274,Cleaning,High,False,8371.15,18.6,0.7,0.9,8.9,29.1,4,3.0,1460,5,4,5,5,490000,
WO-00143,Calibration – Control Valve VLV-0069,VLV-0069,VLV,Unit-100,2018-04-02,3104,Calibration,Medium,False,1833.78,2.0,3.9,8.2,0.1,14.2,2,1.5,1095,3,2,3,2,13500,
WO-00144,Cleaning – Control Valve VLV-0001,VLV-0001,VLV,Unit-300,2014-11-16,4337,Cleaning,High,False,18423.08,12.1,0.0,1.3,10.0,23.4,3,1.5,1095,3,2,3,2,13500,
WO-00145,Inspection – Instrument/Analyser INST-0076,INST-0076,INST,Unit-200,2023-03-22,1289,Inspection,High,False,2685.08,5.4,0.5,2.4,0.6,8.9,1,1.8,730,2,1,3,2,4800,
WO-00146,Replacement – Heat Exchanger HX-0013,HX-0013,HX,Unit-100,2014-10-20,4364,Replacement,High,False,9603.6,55.7,9.3,10.6,1.8,77.39999999999999,10,2.0,2190,4,3,5,4,195000,
WO-00147,Repair – Instrument/Analyser INST-0095,INST-0095,INST,Utilities,2018-04-26,3080,Repair,Medium,False,5209.95,21.4,7.8,12.8,9.3,51.3,6,1.8,730,2,1,3,2,4800,
WO-00148,Replacement – Control Valve VLV-0076,VLV-0076,VLV,Unit-300,2022-07-01,1553,Replacement,Medium,False,93071.68,46.6,6.4,7.2,4.2,64.4,8,1.5,1095,3,2,3,2,13500,
WO-00149,Calibration – Instrument/Analyser INST-0135,INST-0135,INST,Tank-Farm,2014-07-19,4457,Calibration,Low,False,2064.39,1.7,4.2,9.4,0.0,15.3,2,1.8,730,2,1,3,2,4800,
WO-00150,Cleaning – Instrument/Analyser INST-0027,INST-0027,INST,Offsites,2019-12-28,2469,Cleaning,High,False,8154.94,5.7,1.4,1.5,7.3,15.899999999999999,2,1.8,730,2,1,3,2,4800,
WO-00151,Repair – Storage Tank TNK-0006,TNK-0006,TNK,Unit-100,2013-04-21,4911,Repair,High,False,60746.33,68.5,20.9,18.3,9.4,117.10000000000001,15,3.5,5475,4,5,3,4,390000,
WO-00152,Overhaul – Pressure Vessel VSL-0022,VSL-0022,VSL,Offsites,2016-08-27,3687,Overhaul,Low,False,227784.38,203.8,35.1,11.2,6.8,256.9,32,2.8,3650,5,5,5,5,290000,
WO-00153,Repair – Control Valve VLV-0051,VLV-0051,VLV,Offsites,2020-03-30,2376,Repair,High,False,76242.93,47.4,24.4,16.9,3.8,92.49999999999999,12,1.5,1095,3,2,3,2,13500,
WO-00154,Testing – Instrument/Analyser INST-0075,INST-0075,INST,Utilities,2023-08-24,1134,Testing,Medium,False,938.18,12.8,17.0,17.6,0.5,47.900000000000006,6,1.8,730,2,1,3,2,4800,WO-00025
WO-00155,Replacement – Instrument/Analyser INST-0118,INST-0118,INST,Flare-System,2015-06-27,4114,Replacement,High,False,100339.4,19.4,14.5,19.7,2.7,56.3,7,1.8,730,2,1,3,2,4800,WO-00145
WO-00156,Calibration – Pressure Vessel VSL-0021,VSL-0021,VSL,Flare-System,2016-06-09,3766,Calibration,Critical,True,440.8,0.4,5.6,18.9,0.6,25.5,3,2.8,3650,5,5,5,5,290000,
WO-00157,Testing – Instrument/Analyser INST-0056,INST-0056,INST,Unit-200,2023-08-09,1149,Testing,Medium,False,7223.81,9.8,12.2,10.2,0.7,32.900000000000006,4,1.8,730,2,1,3,2,4800,
WO-00158,Inspection – Instrument/Analyser INST-0001,INST-0001,INST,Offsites,2013-11-04,4714,Inspection,Medium,False,5645.44,3.6,0.8,1.6,0.6,6.6,1,1.8,730,2,1,3,2,4800,
WO-00159,Replacement – Control Valve VLV-0058,VLV-0058,VLV,Unit-200,2019-12-05,2492,Replacement,High,False,23792.91,19.8,16.7,9.4,8.0,53.9,7,1.5,1095,3,2,3,2,13500,WO-00011
WO-00160,Inspection – Control Valve VLV-0063,VLV-0063,VLV,Flare-System,2024-05-13,871,Inspection,High,False,5982.08,5.7,0.1,4.8,0.1,10.7,1,1.5,1095,3,2,3,2,13500,
WO-00161,Replacement – Storage Tank TNK-0008,TNK-0008,TNK,Offsites,2023-08-30,1128,Replacement,Low,False,61284.44,48.8,2.1,22.6,6.8,80.3,10,3.5,5475,4,5,3,4,390000,
WO-00162,Calibration – Instrument/Analyser INST-0128,INST-0128,INST,Utilities,2012-10-24,5090,Calibration,Medium,False,2797.95,1.2,4.9,11.1,0.7,17.9,2,1.8,730,2,1,3,2,4800,
WO-00163,Calibration – Centrifugal Pump PMP-0060,PMP-0060,PMP,Unit-200,2018-09-28,2925,Calibration,Critical,True,457.17,1.7,3.6,19.1,0.2,24.6,3,2.5,1825,3,2,4,3,48000,
WO-00164,Calibration – Piping/Pipeline Segment PPL-0022,PPL-0022,PPL,Unit-200,2018-06-13,3032,Calibration,Critical,True,2492.37,1.5,9.7,8.3,0.8,20.3,3,2.0,3285,4,4,3,3,88000,
WO-00165,Cleaning – Instrument/Analyser INST-0151,INST-0151,INST,Unit-300,2015-09-17,4032,Cleaning,Low,False,11694.4,4.1,1.1,1.5,3.4,10.1,1,1.8,730,2,1,3,2,4800,
WO-00166,Cleaning – Centrifugal Pump PMP-0032,PMP-0032,PMP,Unit-300,2021-09-19,1838,Cleaning,Critical,True,5277.9,19.5,0.4,0.1,7.5,27.5,3,2.5,1825,3,2,4,3,48000,
WO-00167,Inspection – Instrument/Analyser INST-0161,INST-0161,INST,Unit-300,2024-10-23,708,Inspection,Medium,False,6075.58,2.4,1.6,4.2,0.1,8.299999999999999,1,1.8,730,2,1,3,2,4800,
WO-00168,Inspection – Instrument/Analyser INST-0075,INST-0075,INST,Utilities,2023-08-24,1134,Inspection,High,False,5281.03,2.5,1.9,1.8,0.7,6.9,1,1.8,730,2,1,3,2,4800,
WO-00169,Replacement – Storage Tank TNK-0013,TNK-0013,TNK,Flare-System,2019-03-07,2765,Replacement,Critical,True,56859.21,37.8,20.0,4.5,1.0,63.3,8,3.5,5475,4,5,3,4,390000,
WO-00170,Replacement – Instrument/Analyser INST-0012,INST-0012,INST,Offsites,2012-01-16,5372,Replacement,Medium,False,106641.28,55.5,17.8,6.9,4.7,84.9,11,1.8,730,2,1,3,2,4800,
WO-00171,Replacement – Instrument/Analyser INST-0031,INST-0031,INST,Unit-100,2019-11-24,2503,Replacement,Low,False,81272.37,20.3,7.8,21.2,3.3,52.599999999999994,7,1.8,730,2,1,3,2,4800,WO-00103
WO-00172,Replacement – Control Valve VLV-0064,VLV-0064,VLV,Tank-Farm,2013-12-13,4675,Replacement,Medium,False,7705.73,21.3,5.1,14.1,2.0,42.5,5,1.5,1095,3,2,3,2,13500,
WO-00173,Repair – Control Valve VLV-0068,VLV-0068,VLV,Tank-Farm,2014-11-08,4345,Repair,High,False,30276.47,23.5,14.4,16.1,6.3,60.3,8,1.5,1095,3,2,3,2,13500,
WO-00174,Cleaning – Instrument/Analyser INST-0092,INST-0092,INST,Unit-300,2013-01-10,5012,Cleaning,High,False,12234.05,11.9,0.2,2.0,3.4,17.5,2,1.8,730,2,1,3,2,4800,
WO-00175,Inspection – Electrical Equipment ELEC-0043,ELEC-0043,ELEC,Offsites,2013-11-13,4705,Inspection,High,False,4819.43,5.5,0.5,2.7,0.7,9.399999999999999,1,2.0,1460,3,1,3,3,24000,
WO-00176,Repair – Electrical Equipment ELEC-0082,ELEC-0082,ELEC,Utilities,2018-01-03,3193,Repair,Low,False,25895.01,26.2,28.8,16.6,4.1,75.69999999999999,9,2.0,1460,3,1,3,3,24000,
WO-00177,Overhaul – Electrical Equipment ELEC-0008,ELEC-0008,ELEC,Flare-System,2018-07-30,2985,Overhaul,High,False,217850.21,207.9,39.6,20.5,16.1,284.1,36,2.0,1460,3,1,3,3,24000,WO-00015
WO-00178,Inspection – Instrument/Analyser INST-0087,INST-0087,INST,Unit-300,2018-03-16,3121,Inspection,High,False,7717.44,6.4,1.2,3.4,0.6,11.6,1,1.8,730,2,1,3,2,4800,
WO-00179,Testing – Instrument/Analyser INST-0019,INST-0019,INST,Offsites,2012-08-04,5171,Testing,High,False,9514.19,14.1,13.1,9.8,0.1,37.1,5,1.8,730,2,1,3,2,4800,
WO-00180,Inspection – Control Valve VLV-0079,VLV-0079,VLV,Unit-300,2016-02-27,3869,Inspection,High,False,5499.45,9.0,0.6,2.3,0.7,12.599999999999998,2,1.5,1095,3,2,3,2,13500,WO-00168
WO-00181,Testing – Electrical Equipment ELEC-0006,ELEC-0006,ELEC,Unit-300,2024-04-29,885,Testing,Medium,False,5775.78,3.8,7.5,22.7,0.5,34.5,4,2.0,1460,3,1,3,3,24000,
WO-00182,Inspection – Control Valve VLV-0066,VLV-0066,VLV,Offsites,2014-07-13,4463,Inspection,Low,False,2036.35,9.0,0.3,1.1,0.5,10.9,1,1.5,1095,3,2,3,2,13500,
WO-00183,Replacement – Control Valve VLV-0034,VLV-0034,VLV,Unit-100,2019-10-17,2541,Replacement,Medium,False,19738.66,59.1,14.2,21.0,7.8,102.1,13,1.5,1095,3,2,3,2,13500,
WO-00184,Replacement – Electrical Equipment ELEC-0068,ELEC-0068,ELEC,Flare-System,2025-09-11,385,Replacement,High,False,42299.1,45.3,14.9,23.0,6.1,89.29999999999998,11,2.0,1460,3,1,3,3,24000,
WO-00185,Overhaul – Instrument/Analyser INST-0075,INST-0075,INST,Utilities,2023-08-24,1134,Overhaul,Medium,False,374022.58,125.3,41.2,32.6,4.2,203.29999999999998,25,1.8,730,2,1,3,2,4800,
WO-00186,Cleaning – Control Valve VLV-0088,VLV-0088,VLV,Unit-100,2015-06-21,4120,Cleaning,Critical,True,22966.27,13.9,1.1,0.9,6.3,22.2,3,1.5,1095,3,2,3,2,13500,
WO-00187,Repair – Electrical Equipment ELEC-0067,ELEC-0067,ELEC,Utilities,2011-11-17,5432,Repair,Medium,False,73012.16,58.4,18.5,3.0,6.4,86.30000000000001,11,2.0,1460,3,1,3,3,24000,
WO-00188,Calibration – Piping/Pipeline Segment PPL-0022,PPL-0022,PPL,Unit-200,2018-06-13,3032,Calibration,Critical,True,331.95,1.4,4.3,14.4,0.6,20.700000000000003,3,2.0,3285,4,4,3,3,88000,
WO-00189,Overhaul – Control Valve VLV-0066,VLV-0066,VLV,Offsites,2014-07-13,4463,Overhaul,Medium,False,503845.46,161.1,10.9,26.6,10.2,208.79999999999998,26,1.5,1095,3,2,3,2,13500,WO-00126
WO-00190,Cleaning – Instrument/Analyser INST-0032,INST-0032,INST,Unit-200,2019-02-13,2787,Cleaning,High,False,1249.55,18.6,1.5,1.5,2.5,24.1,3,1.8,730,2,1,3,2,4800,
WO-00191,Overhaul – Instrument/Analyser INST-0009,INST-0009,INST,Flare-System,2015-10-29,3990,Overhaul,High,False,120166.45,124.1,11.0,12.8,17.4,165.3,21,1.8,730,2,1,3,2,4800,
WO-00192,Calibration – Instrument/Analyser INST-0145,INST-0145,INST,Unit-300,2013-10-24,4725,Calibration,High,False,334.7,1.1,5.1,16.8,0.8,23.8,3,1.8,730,2,1,3,2,4800,
WO-00193,Cleaning – Piping/Pipeline Segment PPL-0015,PPL-0015,PPL,Unit-300,2023-06-22,1197,Cleaning,Medium,False,6461.17,17.9,0.2,0.9,3.5,22.499999999999996,3,2.0,3285,4,4,3,3,88000,
WO-00194,Overhaul – Instrument/Analyser INST-0049,INST-0049,INST,Tank-Farm,2024-12-22,648,Overhaul,Medium,False,360602.64,112.1,20.1,16.5,22.2,170.89999999999998,21,1.8,730,2,1,3,2,4800,WO-00142
WO-00195,Inspection – Electrical Equipment ELEC-0025,ELEC-0025,ELEC,Utilities,2021-02-02,2067,Inspection,High,False,6125.76,5.3,0.0,3.1,0.1,8.5,1,2.0,1460,3,1,3,3,24000,
WO-00196,Calibration – Instrument/Analyser INST-0079,INST-0079,INST,Unit-300,2018-11-23,2869,Calibration,Low,False,920.0,1.8,7.3,17.3,0.6,27.0,3,1.8,730,2,1,3,2,4800,
WO-00197,Replacement – Electrical Equipment ELEC-0080,ELEC-0080,ELEC,Tank-Farm,2013-07-11,4830,Replacement,Medium,False,68151.17,34.8,18.3,7.3,6.2,66.6,8,2.0,1460,3,1,3,3,24000,WO-00164
WO-00198,Replacement – Control Valve VLV-0120,VLV-0120,VLV,Unit-100,2020-05-22,2323,Replacement,Critical,True,104771.88,27.4,5.1,15.7,4.8,53.0,7,1.5,1095,3,2,3,2,13500,
WO-00199,Inspection – Control Valve VLV-0108,VLV-0108,VLV,Tank-Farm,2012-09-21,5123,Inspection,Medium,False,2045.05,8.2,1.8,3.2,0.1,13.299999999999999,2,1.5,1095,3,2,3,2,13500,
WO-00200,Repair – Pressure Vessel VSL-0011,VSL-0011,VSL,Unit-100,2019-05-25,2686,Repair,Critical,False,60459.26,34.8,7.2,18.2,8.7,68.9,9,2.8,3650,5,5,5,5,290000,
WO-00201,Repair – Piping/Pipeline Segment PPL-0043,PPL-0043,PPL,Tank-Farm,2021-08-11,1877,Repair,Low,False,9582.59,13.8,23.7,11.7,4.7,53.900000000000006,7,2.0,3285,4,4,3,3,88000,
WO-00202,Repair – Instrument/Analyser INST-0088,INST-0088,INST,Flare-System,2021-01-06,2094,Repair,Medium,False,6494.63,64.7,24.1,11.9,9.8,110.50000000000001,14,1.8,730,2,1,3,2,4800,
WO-00203,Inspection – Heat Exchanger HX-0016,HX-0016,HX,Flare-System,2017-10-02,3286,Inspection,Medium,False,2067.41,8.6,2.0,1.4,0.1,12.1,2,2.0,2190,4,3,5,4,195000,
WO-00204,Inspection – Centrifugal Pump PMP-0026,PMP-0026,PMP,Utilities,2022-07-30,1524,Inspection,Critical,False,1107.34,9.1,1.6,4.5,0.7,15.899999999999999,2,2.5,1825,3,2,4,3,48000,
WO-00205,Repair – Instrument/Analyser INST-0031,INST-0031,INST,Unit-100,2019-11-24,2503,Repair,High,False,25300.43,33.3,27.0,14.3,9.1,83.69999999999999,10,1.8,730,2,1,3,2,4800,
WO-00206,Testing – Electrical Equipment ELEC-0029,ELEC-0029,ELEC,Unit-300,2022-05-11,1604,Testing,Medium,False,9384.76,14.0,22.3,11.6,1.4,49.3,6,2.0,1460,3,1,3,3,24000,
WO-00207,Calibration – Instrument/Analyser INST-0006,INST-0006,INST,Utilities,2017-03-13,3489,Calibration,Low,False,2711.44,1.4,2.5,6.9,1.0,11.8,1,1.8,730,2,1,3,2,4800,
WO-00208,Testing – Instrument/Analyser INST-0057,INST-0057,INST,Offsites,2024-01-29,976,Testing,Medium,False,1033.59,8.9,19.2,19.1,0.2,47.400000000000006,6,1.8,730,2,1,3,2,4800,
WO-00209,Inspection – Electrical Equipment ELEC-0025,ELEC-0025,ELEC,Utilities,2021-02-02,2067,Inspection,Medium,False,4249.75,3.9,0.1,1.3,0.9,6.2,1,2.0,1460,3,1,3,3,24000,
WO-00210,Testing – Instrument/Analyser INST-0029,INST-0029,INST,Unit-200,2017-07-09,3371,Testing,Medium,False,7314.85,9.4,11.2,16.3,0.7,37.60000000000001,5,1.8,730,2,1,3,2,4800,
WO-00211,Calibration – Storage Tank TNK-0009,TNK-0009,TNK,Unit-200,2012-04-19,5278,Calibration,Medium,False,2652.36,0.5,6.2,7.6,0.0,14.3,2,3.5,5475,4,5,3,4,390000,WO-00206
WO-00212,Cleaning – Instrument/Analyser INST-0105,INST-0105,INST,Unit-200,2015-12-01,3957,Cleaning,Low,False,18374.25,6.1,2.0,2.0,5.7,15.8,2,1.8,730,2,1,3,2,4800,
WO-00213,Replacement – Instrument/Analyser INST-0163,INST-0163,INST,Unit-100,2019-05-30,2681,Replacement,Low,False,89820.11,53.7,16.7,20.2,5.2,95.80000000000001,12,1.8,730,2,1,3,2,4800,
WO-00214,Calibration – Electrical Equipment ELEC-0014,ELEC-0014,ELEC,Tank-Farm,2018-07-13,3002,Calibration,Low,False,570.86,0.2,8.2,14.0,0.5,22.9,3,2.0,1460,3,1,3,3,24000,
WO-00215,Cleaning – Instrument/Analyser INST-0098,INST-0098,INST,Unit-300,2016-12-04,3588,Cleaning,Medium,False,10507.52,13.9,1.2,1.5,6.5,23.1,3,1.8,730,2,1,3,2,4800,
WO-00216,Calibration – Centrifugal Pump PMP-0032,PMP-0032,PMP,Unit-300,2021-09-19,1838,Calibration,Critical,False,2174.74,1.7,2.5,16.1,0.5,20.8,3,2.5,1825,3,2,4,3,48000,
WO-00217,Calibration – Pressure Vessel VSL-0014,VSL-0014,VSL,Unit-100,2019-07-25,2625,Calibration,Critical,True,2206.31,1.0,8.4,8.8,0.2,18.400000000000002,2,2.8,3650,5,5,5,5,290000,
WO-00218,Overhaul – Heat Exchanger HX-0009,HX-0009,HX,Utilities,2017-08-15,3334,Overhaul,Critical,False,422121.16,209.1,38.3,15.3,11.3,274.0,34,2.0,2190,4,3,5,4,195000,
WO-00219,Calibration – Instrument/Analyser INST-0025,INST-0025,INST,Unit-300,2019-10-07,2551,Calibration,High,False,894.88,1.1,8.3,14.7,0.3,24.400000000000002,3,1.8,730,2,1,3,2,4800,
WO-00220,Cleaning – Heat Exchanger HX-0010,HX-0010,HX,Unit-300,2017-06-26,3384,Cleaning,Critical,True,14187.23,6.3,1.7,1.0,5.8,14.8,2,2.0,2190,4,3,5,4,195000,
WO-00221,Replacement – Instrument/Analyser INST-0025,INST-0025,INST,Unit-300,2019-10-07,2551,Replacement,Low,False,43274.86,22.1,12.2,13.2,9.0,56.5,7,1.8,730,2,1,3,2,4800,
WO-00222,Replacement – Control Valve VLV-0082,VLV-0082,VLV,Tank-Farm,2019-01-09,2822,Replacement,High,False,16512.12,48.8,19.9,21.3,1.2,91.19999999999999,11,1.5,1095,3,2,3,2,13500,
WO-00223,Inspection – Centrifugal Pump PMP-0013,PMP-0013,PMP,Unit-200,2014-03-04,4594,Inspection,High,False,6673.77,6.7,1.0,3.2,0.3,11.200000000000001,1,2.5,1825,3,2,4,3,48000,
WO-00224,Inspection – Centrifugal Pump PMP-0078,PMP-0078,PMP,Tank-Farm,2015-02-20,4241,Inspection,Medium,False,5380.49,7.9,1.3,2.3,0.8,12.3,2,2.5,1825,3,2,4,3,48000,
WO-00225,Inspection – Instrument/Analyser INST-0021,INST-0021,INST,Utilities,2020-02-06,2429,Inspection,High,False,2044.07,7.1,0.6,1.5,0.2,9.399999999999999,1,1.8,730,2,1,3,2,4800,
WO-00226,Overhaul – Centrifugal Pump PMP-0050,PMP-0050,PMP,Unit-200,2024-12-08,662,Overhaul,Critical,True,370320.49,75.3,37.9,19.8,10.2,143.2,18,2.5,1825,3,2,4,3,48000,
WO-00227,Calibration – Electrical Equipment ELEC-0061,ELEC-0061,ELEC,Offsites,2015-06-02,4139,Calibration,Low,False,2887.48,1.0,2.3,8.2,0.2,11.7,1,2.0,1460,3,1,3,3,24000,
WO-00228,Inspection – Instrument/Analyser INST-0180,INST-0180,INST,Flare-System,2019-08-14,2605,Inspection,Medium,False,7751.92,6.7,1.0,4.4,0.0,12.100000000000001,2,1.8,730,2,1,3,2,4800,
WO-00229,Inspection – Instrument/Analyser INST-0149,INST-0149,INST,Flare-System,2023-02-16,1323,Inspection,High,False,6821.76,6.2,0.1,4.3,0.0,10.6,1,1.8,730,2,1,3,2,4800,
WO-00230,Calibration – Heat Exchanger HX-0028,HX-0028,HX,Unit-100,2012-12-08,5045,Calibration,Critical,True,1501.64,1.8,7.1,14.0,0.3,23.2,3,2.0,2190,4,3,5,4,195000,
WO-00231,Testing – Electrical Equipment ELEC-0023,ELEC-0023,ELEC,Flare-System,2025-09-25,371,Testing,Medium,False,2019.57,11.5,9.5,9.3,1.2,31.5,4,2.0,1460,3,1,3,3,24000,WO-00197
WO-00232,Calibration – Instrument/Analyser INST-0103,INST-0103,INST,Unit-300,2017-05-18,3423,Calibration,High,False,2632.64,0.6,5.7,4.1,0.7,11.099999999999998,1,1.8,730,2,1,3,2,4800,
WO-00233,Cleaning – Control Valve VLV-0111,VLV-0111,VLV,Offsites,2019-11-23,2504,Cleaning,Low,False,5063.21,23.7,1.6,1.8,2.4,29.5,4,1.5,1095,3,2,3,2,13500,WO-00167
WO-00234,Replacement – Centrifugal Pump PMP-0001,PMP-0001,PMP,Offsites,2014-12-04,4319,Replacement,Critical,True,40584.87,21.0,6.8,15.1,3.2,46.1,6,2.5,1825,3,2,4,3,48000,
WO-00235,Cleaning – Instrument/Analyser INST-0037,INST-0037,INST,Unit-300,2014-09-26,4388,Cleaning,Critical,True,21064.63,20.6,1.2,0.3,8.5,30.6,4,1.8,730,2,1,3,2,4800,
WO-00236,Replacement – Electrical Equipment ELEC-0023,ELEC-0023,ELEC,Flare-System,2025-09-25,371,Replacement,Medium,False,11561.78,42.7,8.6,17.0,4.1,72.4,9,2.0,1460,3,1,3,3,24000,WO-00203
WO-00237,Overhaul – Centrifugal Pump PMP-0021,PMP-0021,PMP,Unit-300,2015-05-02,4170,Overhaul,High,False,41664.68,126.0,34.9,30.9,5.5,197.3,25,2.5,1825,3,2,4,3,48000,
WO-00238,Replacement – Centrifugal Pump PMP-0033,PMP-0033,PMP,Offsites,2016-03-15,3852,Replacement,Critical,False,6660.0,16.1,11.0,10.2,7.2,44.5,6,2.5,1825,3,2,4,3,48000,
WO-00239,Calibration – Control Valve VLV-0106,VLV-0106,VLV,Utilities,2014-07-27,4449,Calibration,Medium,False,1002.14,1.2,8.4,10.2,0.0,19.799999999999997,2,1.5,1095,3,2,3,2,13500,WO-00048
WO-00240,Testing – Instrument/Analyser INST-0026,INST-0026,INST,Unit-300,2017-03-15,3487,Testing,Medium,False,14550.38,6.0,19.1,10.9,0.3,36.3,5,1.8,730,2,1,3,2,4800,
WO-00241,Overhaul – Instrument/Analyser INST-0003,INST-0003,INST,Tank-Farm,2023-01-19,1351,Overhaul,Critical,False,330449.88,205.5,22.1,36.0,11.3,274.90000000000003,34,1.8,730,2,1,3,2,4800,
WO-00242,Replacement – Pressure Vessel VSL-0013,VSL-0013,VSL,Unit-300,2019-05-03,2708,Replacement,Low,False,114253.96,33.1,3.9,17.8,9.7,64.5,8,2.8,3650,5,5,5,5,290000,
WO-00243,Cleaning – Control Valve VLV-0026,VLV-0026,VLV,Tank-Farm,2014-10-09,4375,Cleaning,Medium,False,10030.74,17.9,1.6,1.7,8.6,29.799999999999997,4,1.5,1095,3,2,3,2,13500,
WO-00244,Inspection – Centrifugal Pump PMP-0038,PMP-0038,PMP,Tank-Farm,2019-05-01,2710,Inspection,Medium,False,4811.88,3.3,0.1,3.0,0.7,7.1000000000000005,1,2.5,1825,3,2,4,3,48000,
WO-00245,Calibration – Centrifugal Pump PMP-0020,PMP-0020,PMP,Unit-200,2016-03-12,3855,Calibration,Critical,False,2600.27,1.5,7.6,4.2,0.6,13.9,2,2.5,1825,3,2,4,3,48000,
WO-00246,Inspection – Centrifugal Pump PMP-0062,PMP-0062,PMP,Offsites,2019-07-06,2644,Inspection,Medium,False,1757.45,8.6,1.5,4.8,1.0,15.899999999999999,2,2.5,1825,3,2,4,3,48000,
WO-00247,Inspection – Instrument/Analyser INST-0138,INST-0138,INST,Utilities,2013-09-29,4750,Inspection,Low,False,7100.03,8.7,1.7,1.6,0.1,12.099999999999998,2,1.8,730,2,1,3,2,4800,
WO-00248,Inspection – Electrical Equipment ELEC-0017,ELEC-0017,ELEC,Unit-300,2024-11-26,674,Inspection,Low,False,3327.8,5.6,0.2,1.1,1.0,7.9,1,2.0,1460,3,1,3,3,24000,
WO-00249,Repair – Pressure Vessel VSL-0019,VSL-0019,VSL,Unit-200,2014-01-16,4641,Repair,Medium,False,24195.92,28.2,15.1,10.2,1.1,54.6,7,2.8,3650,5,5,5,5,290000,
WO-00250,Testing – Centrifugal Pump PMP-0049,PMP-0049,PMP,Unit-100,2013-10-24,4725,Testing,High,False,8166.02,9.0,11.9,5.9,0.5,27.299999999999997,3,2.5,1825,3,2,4,3,48000,
WO-00251,Overhaul – Pressure Vessel VSL-0006,VSL-0006,VSL,Unit-300,2012-06-11,5225,Overhaul,Critical,True,333845.33,209.8,17.5,9.2,4.8,241.3,30,2.8,3650,5,5,5,5,290000,
WO-00252,Cleaning – Piping/Pipeline Segment PPL-0037,PPL-0037,PPL,Tank-Farm,2013-12-01,4687,Cleaning,High,False,20396.44,25.3,1.3,0.8,3.2,30.6,4,2.0,3285,4,4,3,3,88000,
WO-00253,Replacement – Control Valve VLV-0023,VLV-0023,VLV,Flare-System,2017-05-31,3410,Replacement,Low,False,105052.98,33.3,6.1,9.8,2.2,51.400000000000006,6,1.5,1095,3,2,3,2,13500,
WO-00254,Inspection – Instrument/Analyser INST-0013,INST-0013,INST,Utilities,2014-10-13,4371,Inspection,High,False,695.06,3.5,1.6,3.1,0.6,8.799999999999999,1,1.8,730,2,1,3,2,4800,
WO-00255,Inspection – Instrument/Analyser INST-0043,INST-0043,INST,Flare-System,2018-09-15,2938,Inspection,Critical,False,6935.57,3.5,0.1,3.3,0.1,7.0,1,1.8,730,2,1,3,2,4800,
WO-00256,Calibration – Control Valve VLV-0073,VLV-0073,VLV,Offsites,2022-01-09,1726,Calibration,High,False,1576.51,0.5,4.8,15.7,0.1,21.1,3,1.5,1095,3,2,3,2,13500,
WO-00257,Cleaning – Pressure Vessel VSL-0020,VSL-0020,VSL,Offsites,2024-04-06,908,Cleaning,High,False,15567.32,27.3,0.7,0.1,6.3,34.4,4,2.8,3650,5,5,5,5,290000,
WO-00258,Inspection – Instrument/Analyser INST-0001,INST-0001,INST,Offsites,2013-11-04,4714,Inspection,Low,False,4691.18,3.6,1.7,4.3,0.4,10.0,1,1.8,730,2,1,3,2,4800,
WO-00259,Testing – Instrument/Analyser INST-0003,INST-0003,INST,Tank-Farm,2023-01-19,1351,Testing,High,False,2374.14,8.6,16.0,5.7,0.8,31.1,4,1.8,730,2,1,3,2,4800,
WO-00260,Testing – Instrument/Analyser INST-0155,INST-0155,INST,Unit-100,2017-09-16,3302,Testing,Critical,False,6467.99,15.7,11.7,6.6,1.7,35.7,4,1.8,730,2,1,3,2,4800,
WO-00261,Inspection – Instrument/Analyser INST-0069,INST-0069,INST,Utilities,2014-01-05,4652,Inspection,High,False,3296.44,7.5,0.7,1.3,0.3,9.8,1,1.8,730,2,1,3,2,4800,
WO-00262,Inspection – Centrifugal Pump PMP-0034,PMP-0034,PMP,Unit-100,2022-12-15,1386,Inspection,Critical,False,4557.53,2.9,0.6,3.6,0.7,7.8,1,2.5,1825,3,2,4,3,48000,
WO-00263,Replacement – Centrifugal Pump PMP-0004,PMP-0004,PMP,Unit-100,2012-02-07,5350,Replacement,Critical,True,33394.56,57.8,5.4,7.7,5.0,75.89999999999999,9,2.5,1825,3,2,4,3,48000,
WO-00264,Inspection – Pressure Vessel VSL-0003,VSL-0003,VSL,Tank-Farm,2019-01-17,2814,Inspection,Critical,False,1309.51,7.1,1.2,3.6,0.8,12.7,2,2.8,3650,5,5,5,5,290000,
WO-00265,Repair – Storage Tank TNK-0008,TNK-0008,TNK,Offsites,2023-08-30,1128,Repair,High,False,59189.96,82.0,22.7,8.5,3.5,116.7,15,3.5,5475,4,5,3,4,390000,
WO-00266,Inspection – Centrifugal Pump PMP-0023,PMP-0023,PMP,Unit-100,2020-07-26,2258,Inspection,High,False,3939.48,2.3,0.0,4.7,0.7,7.7,1,2.5,1825,3,2,4,3,48000,
WO-00267,Replacement – Centrifugal Pump PMP-0045,PMP-0045,PMP,Tank-Farm,2017-12-05,3222,Replacement,Critical,True,70611.87,54.4,13.7,16.0,5.1,89.19999999999999,11,2.5,1825,3,2,4,3,48000,
WO-00268,Calibration – Instrument/Analyser INST-0131,INST-0131,INST,Unit-100,2024-03-22,923,Calibration,Low,False,2946.75,0.8,5.1,10.8,0.4,17.099999999999998,2,1.8,730,2,1,3,2,4800,
WO-00269,Calibration – Pressure Vessel VSL-0028,VSL-0028,VSL,Flare-System,2016-07-27,3718,Calibration,Medium,False,1205.72,0.7,5.4,4.6,0.5,11.2,1,2.8,3650,5,5,5,5,290000,
WO-00270,Cleaning – Control Valve VLV-0011,VLV-0011,VLV,Tank-Farm,2015-05-31,4141,Cleaning,Medium,False,5762.1,21.5,1.4,0.5,7.0,30.4,4,1.5,1095,3,2,3,2,13500,
WO-00271,Repair – Reciprocating Compressor CMP-0015,CMP-0015,CMP,Tank-Farm,2023-08-10,1148,Repair,Medium,False,12613.64,25.9,16.6,2.8,4.7,50.0,6,3.0,1460,5,4,5,5,490000,
WO-00272,Inspection – Instrument/Analyser INST-0122,INST-0122,INST,Flare-System,2018-11-25,2867,Inspection,High,False,4003.62,9.9,1.0,3.0,0.6,14.5,2,1.8,730,2,1,3,2,4800,
WO-00273,Inspection – Instrument/Analyser INST-0034,INST-0034,INST,Offsites,2017-11-01,3256,Inspection,Critical,False,5612.42,5.2,0.6,1.1,0.8,7.7,1,1.8,730,2,1,3,2,4800,
WO-00274,Calibration – Instrument/Analyser INST-0105,INST-0105,INST,Unit-200,2015-12-01,3957,Calibration,Medium,False,1269.57,1.2,4.0,6.5,0.5,12.2,2,1.8,730,2,1,3,2,4800,
WO-00275,Inspection – Control Valve VLV-0042,VLV-0042,VLV,Unit-300,2014-03-19,4579,Inspection,Medium,False,3829.06,5.6,0.4,3.3,0.1,9.4,1,1.5,1095,3,2,3,2,13500,
WO-00276,Inspection – Instrument/Analyser INST-0035,INST-0035,INST,Offsites,2016-09-07,3676,Inspection,Medium,False,4193.01,4.5,0.9,2.7,0.9,9.000000000000002,1,1.8,730,2,1,3,2,4800,
WO-00277,Calibration – Electrical Equipment ELEC-0063,ELEC-0063,ELEC,Flare-System,2017-06-11,3399,Calibration,Low,False,831.83,0.7,2.6,10.7,0.7,14.7,2,2.0,1460,3,1,3,3,24000,
WO-00278,Cleaning – Control Valve VLV-0065,VLV-0065,VLV,Flare-System,2012-01-18,5370,Cleaning,Critical,True,16361.74,8.3,0.1,1.6,3.3,13.3,2,1.5,1095,3,2,3,2,13500,
WO-00279,Testing – Control Valve VLV-0114,VLV-0114,VLV,Tank-Farm,2013-03-08,4955,Testing,Medium,False,14471.06,13.1,11.6,20.7,0.4,45.8,6,1.5,1095,3,2,3,2,13500,
WO-00280,Replacement – Heat Exchanger HX-0023,HX-0023,HX,Unit-300,2017-12-31,3196,Replacement,Critical,False,109960.5,55.8,13.7,6.2,5.3,81.0,10,2.0,2190,4,3,5,4,195000,
WO-00281,Repair – Instrument/Analyser INST-0105,INST-0105,INST,Unit-200,2015-12-01,3957,Repair,Critical,True,12795.42,13.0,22.3,10.2,8.5,54.0,7,1.8,730,2,1,3,2,4800,
WO-00282,Calibration – Centrifugal Pump PMP-0021,PMP-0021,PMP,Unit-300,2015-05-02,4170,Calibration,Critical,True,304.54,0.1,5.7,7.5,0.6,13.9,2,2.5,1825,3,2,4,3,48000,
WO-00283,Inspection – Control Valve VLV-0023,VLV-0023,VLV,Flare-System,2017-05-31,3410,Inspection,Medium,False,5980.9,3.7,1.3,4.0,0.1,9.1,1,1.5,1095,3,2,3,2,13500,
WO-00284,Replacement – Instrument/Analyser INST-0152,INST-0152,INST,Utilities,2014-06-16,4490,Replacement,Low,False,49797.79,12.5,17.1,15.2,5.5,50.3,6,1.8,730,2,1,3,2,4800,
WO-00285,Replacement – Centrifugal Pump PMP-0013,PMP-0013,PMP,Unit-200,2014-03-04,4594,Replacement,Critical,False,107439.62,45.4,18.7,22.2,9.9,96.2,12,2.5,1825,3,2,4,3,48000,
WO-00286,Calibration – Piping/Pipeline Segment PPL-0039,PPL-0039,PPL,Unit-100,2023-06-10,1209,Calibration,High,False,2452.58,1.3,4.2,19.4,0.2,25.099999999999998,3,2.0,3285,4,4,3,3,88000,
WO-00287,Cleaning – Control Valve VLV-0119,VLV-0119,VLV,Flare-System,2019-08-17,2602,Cleaning,High,False,4883.9,21.3,0.2,1.4,8.8,31.7,4,1.5,1095,3,2,3,2,13500,
WO-00288,Calibration – Control Valve VLV-0116,VLV-0116,VLV,Utilities,2020-08-27,2226,Calibration,Medium,False,638.97,1.7,9.6,6.4,0.7,18.4,2,1.5,1095,3,2,3,2,13500,
WO-00289,Cleaning – Instrument/Analyser INST-0042,INST-0042,INST,Unit-100,2013-05-08,4894,Cleaning,Low,False,17955.75,15.7,1.2,0.5,5.0,22.4,3,1.8,730,2,1,3,2,4800,
WO-00290,Inspection – Instrument/Analyser INST-0106,INST-0106,INST,Offsites,2016-11-19,3603,Inspection,High,False,5022.06,3.5,1.7,3.3,0.4,8.9,1,1.8,730,2,1,3,2,4800,
WO-00291,Overhaul – Distillation Tower TWR-0006,TWR-0006,TWR,Flare-System,2014-07-19,4457,Overhaul,High,False,575203.21,141.8,27.7,39.3,11.6,220.4,28,2.2,2920,5,5,5,5,980000,
WO-00292,Replacement – Electrical Equipment ELEC-0078,ELEC-0078,ELEC,Unit-100,2025-07-01,457,Replacement,Medium,False,22355.77,45.1,17.7,22.1,8.9,93.80000000000001,12,2.0,1460,3,1,3,3,24000,
WO-00293,Replacement – Piping/Pipeline Segment PPL-0022,PPL-0022,PPL,Unit-200,2018-06-13,3032,Replacement,Medium,False,78361.23,57.6,15.1,13.9,7.2,93.80000000000001,12,2.0,3285,4,4,3,3,88000,
WO-00294,Repair – Reciprocating Compressor CMP-0010,CMP-0010,CMP,Flare-System,2020-07-10,2274,Repair,Low,False,61530.83,47.9,11.1,11.0,4.0,74.0,9,3.0,1460,5,4,5,5,490000,
WO-00295,Overhaul – Instrument/Analyser INST-0148,INST-0148,INST,Utilities,2021-11-27,1769,Overhaul,Low,False,291152.96,109.6,34.9,29.8,6.6,180.9,23,1.8,730,2,1,3,2,4800,
WO-00296,Replacement – Control Valve VLV-0055,VLV-0055,VLV,Unit-100,2023-03-19,1292,Replacement,Critical,True,54746.52,18.7,12.0,18.0,8.9,57.6,7,1.5,1095,3,2,3,2,13500,
WO-00297,Testing – Piping/Pipeline Segment PPL-0043,PPL-0043,PPL,Tank-Farm,2021-08-11,1877,Testing,Critical,False,10705.36,7.1,8.1,9.9,1.8,26.900000000000002,3,2.0,3285,4,4,3,3,88000,
WO-00298,Overhaul – Control Valve VLV-0025,VLV-0025,VLV,Tank-Farm,2019-03-19,2753,Overhaul,Low,False,427856.76,214.4,35.7,39.6,7.5,297.20000000000005,37,1.5,1095,3,2,3,2,13500,
WO-00299,Replacement – Control Valve VLV-0051,VLV-0051,VLV,Offsites,2020-03-30,2376,Replacement,High,False,19763.49,58.8,5.6,6.7,6.6,77.69999999999999,10,1.5,1095,3,2,3,2,13500,
WO-00300,Inspection – Instrument/Analyser INST-0152,INST-0152,INST,Utilities,2014-06-16,4490,Inspection,Low,False,5048.3,8.1,1.6,1.6,0.6,11.899999999999999,1,1.8,730,2,1,3,2,4800,
WO-00301,Inspection – Electrical Equipment ELEC-0019,ELEC-0019,ELEC,Unit-200,2021-07-11,1908,Inspection,Low,False,2136.85,2.0,1.0,1.8,0.7,5.5,1,2.0,1460,3,1,3,3,24000,
WO-00302,Replacement – Heat Exchanger HX-0001,HX-0001,HX,Unit-100,2017-07-31,3349,Replacement,Low,False,79646.16,19.0,2.3,19.2,4.9,45.4,6,2.0,2190,4,3,5,4,195000,
WO-00303,Cleaning – Instrument/Analyser INST-0054,INST-0054,INST,Offsites,2014-03-07,4591,Cleaning,High,False,4779.59,14.8,0.4,1.8,7.5,24.5,3,1.8,730,2,1,3,2,4800,
WO-00304,Cleaning – Control Valve VLV-0083,VLV-0083,VLV,Unit-300,2018-04-05,3101,Cleaning,High,False,17067.52,22.8,0.2,0.0,2.9,25.9,3,1.5,1095,3,2,3,2,13500,
WO-00305,Overhaul – Instrument/Analyser INST-0089,INST-0089,INST,Tank-Farm,2019-01-01,2830,Overhaul,Medium,False,94830.05,122.2,26.5,12.6,22.3,183.6,23,1.8,730,2,1,3,2,4800,
WO-00306,Replacement – Instrument/Analyser INST-0054,INST-0054,INST,Offsites,2014-03-07,4591,Replacement,Low,False,63294.33,24.3,17.4,15.5,5.5,62.7,8,1.8,730,2,1,3,2,4800,
WO-00307,Repair – Piping/Pipeline Segment PPL-0037,PPL-0037,PPL,Tank-Farm,2013-12-01,4687,Repair,High,False,65398.55,28.8,8.0,14.4,5.2,56.4,7,2.0,3285,4,4,3,3,88000,
WO-00308,Calibration – Piping/Pipeline Segment PPL-0004,PPL-0004,PPL,Unit-100,2012-01-20,5368,Calibration,Medium,False,1026.88,0.6,5.9,8.4,0.7,15.6,2,2.0,3285,4,4,3,3,88000,
WO-00309,Overhaul – Instrument/Analyser INST-0115,INST-0115,INST,Utilities,2016-08-07,3707,Overhaul,Medium,False,438422.86,142.1,37.9,17.4,18.8,216.20000000000002,27,1.8,730,2,1,3,2,4800,WO-00188
WO-00310,Replacement – Instrument/Analyser INST-0131,INST-0131,INST,Unit-100,2024-03-22,923,Replacement,Low,False,68936.66,52.5,6.5,18.7,9.6,87.3,11,1.8,730,2,1,3,2,4800,
WO-00311,Overhaul – Storage Tank TNK-0002,TNK-0002,TNK,Unit-300,2018-07-21,2994,Overhaul,Medium,False,370216.52,238.4,31.9,12.8,4.9,288.0,36,3.5,5475,4,5,3,4,390000,
WO-00312,Overhaul – Heat Exchanger HX-0035,HX-0035,HX,Flare-System,2018-07-19,2996,Overhaul,Medium,False,159385.54,109.5,39.8,27.5,21.4,198.20000000000002,25,2.0,2190,4,3,5,4,195000,
WO-00313,Testing – Instrument/Analyser INST-0160,INST-0160,INST,Unit-100,2023-11-15,1051,Testing,High,False,13383.3,6.6,17.2,4.4,2.0,30.199999999999996,4,1.8,730,2,1,3,2,4800,
WO-00314,Cleaning – Electrical Equipment ELEC-0009,ELEC-0009,ELEC,Utilities,2025-04-01,548,Cleaning,Medium,False,21379.69,7.9,1.7,0.0,5.5,15.1,2,2.0,1460,3,1,3,3,24000,
WO-00315,Replacement – Centrifugal Pump PMP-0080,PMP-0080,PMP,Utilities,2016-12-22,3570,Replacement,Medium,False,72434.25,55.6,7.9,15.6,8.9,88.0,11,2.5,1825,3,2,4,3,48000,
WO-00316,Inspection – Electrical Equipment ELEC-0077,ELEC-0077,ELEC,Offsites,2014-01-19,4638,Inspection,High,False,7576.65,2.4,1.2,3.3,0.8,7.699999999999999,1,2.0,1460,3,1,3,3,24000,
WO-00317,Inspection – Instrument/Analyser INST-0143,INST-0143,INST,Offsites,2022-06-05,1579,Inspection,High,False,6165.59,3.2,0.9,3.9,0.7,8.7,1,1.8,730,2,1,3,2,4800,WO-00231
WO-00318,Replacement – Control Valve VLV-0084,VLV-0084,VLV,Utilities,2013-11-17,4701,Replacement,Low,False,116432.11,31.3,2.8,8.4,4.1,46.6,6,1.5,1095,3,2,3,2,13500,
WO-00319,Replacement – Instrument/Analyser INST-0009,INST-0009,INST,Flare-System,2015-10-29,3990,Replacement,Medium,False,8035.52,34.7,3.5,9.5,9.9,57.6,7,1.8,730,2,1,3,2,4800,
WO-00320,Inspection – Instrument/Analyser INST-0013,INST-0013,INST,Utilities,2014-10-13,4371,Inspection,Medium,False,3920.28,3.4,0.2,3.3,0.5,7.4,1,1.8,730,2,1,3,2,4800,
WO-00321,Repair – Storage Tank TNK-0015,TNK-0015,TNK,Unit-300,2020-06-13,2301,Repair,Critical,True,21241.18,92.9,17.5,6.7,8.6,125.7,16,3.5,5475,4,5,3,4,390000,
WO-00322,Cleaning – Piping/Pipeline Segment PPL-0026,PPL-0026,PPL,Flare-System,2016-08-15,3699,Cleaning,Critical,False,18318.92,10.7,1.7,0.5,8.7,21.599999999999998,3,2.0,3285,4,4,3,3,88000,
WO-00323,Inspection – Electrical Equipment ELEC-0030,ELEC-0030,ELEC,Flare-System,2019-01-14,2817,Inspection,Medium,False,3419.29,8.8,0.3,4.5,0.2,13.8,2,2.0,1460,3,1,3,3,24000,
WO-00324,Replacement – Instrument/Analyser INST-0114,INST-0114,INST,Offsites,2019-08-06,2613,Replacement,Medium,False,18584.52,57.1,9.9,17.8,6.2,91.0,11,1.8,730,2,1,3,2,4800,
WO-00325,Cleaning – Centrifugal Pump PMP-0065,PMP-0065,PMP,Flare-System,2020-09-09,2213,Cleaning,High,False,22560.22,20.8,1.1,1.3,6.9,30.1,4,2.5,1825,3,2,4,3,48000,
WO-00326,Cleaning – Storage Tank TNK-0012,TNK-0012,TNK,Flare-System,2022-10-13,1449,Cleaning,High,False,11645.68,22.2,1.9,1.9,8.6,34.599999999999994,4,3.5,5475,4,5,3,4,390000,
WO-00327,Calibration – Heat Exchanger HX-0004,HX-0004,HX,Unit-100,2018-11-03,2889,Calibration,Medium,False,698.54,1.0,4.1,4.1,1.0,10.2,1,2.0,2190,4,3,5,4,195000,
WO-00328,Overhaul – Heat Exchanger HX-0024,HX-0024,HX,Unit-100,2016-05-06,3800,Overhaul,Critical,False,163679.09,178.6,26.3,41.7,24.0,270.6,34,2.0,2190,4,3,5,4,195000,
WO-00329,Replacement – Centrifugal Pump PMP-0044,PMP-0044,PMP,Offsites,2018-01-03,3193,Replacement,Critical,False,35748.99,12.9,9.1,4.3,2.0,28.3,4,2.5,1825,3,2,4,3,48000,WO-00317
WO-00330,Inspection – Piping/Pipeline Segment PPL-0013,PPL-0013,PPL,Unit-300,2020-06-22,2292,Inspection,Critical,False,6017.98,2.8,1.7,1.9,0.1,6.5,1,2.0,3285,4,4,3,3,88000,
WO-00331,Calibration – Instrument/Analyser INST-0015,INST-0015,INST,Offsites,2023-09-21,1106,Calibration,Medium,False,918.53,1.0,2.9,19.8,0.1,23.8,3,1.8,730,2,1,3,2,4800,
WO-00332,Repair – Control Valve VLV-0015,VLV-0015,VLV,Unit-300,2018-12-01,2861,Repair,Medium,False,21101.18,32.6,25.0,6.9,1.0,65.5,8,1.5,1095,3,2,3,2,13500,
WO-00333,Inspection – Centrifugal Pump PMP-0051,PMP-0051,PMP,Flare-System,2021-10-25,1802,Inspection,High,False,7332.46,7.1,1.2,1.8,0.7,10.799999999999999,1,2.5,1825,3,2,4,3,48000,
WO-00334,Inspection – Pressure Vessel VSL-0004,VSL-0004,VSL,Offsites,2020-06-26,2288,Inspection,Medium,False,7118.26,6.6,1.6,2.1,0.1,10.399999999999999,1,2.8,3650,5,5,5,5,290000,
WO-00335,Calibration – Instrument/Analyser INST-0158,INST-0158,INST,Utilities,2020-04-05,2370,Calibration,Medium,False,1280.89,0.0,8.5,7.3,0.3,16.1,2,1.8,730,2,1,3,2,4800,
WO-00336,Inspection – Piping/Pipeline Segment PPL-0042,PPL-0042,PPL,Offsites,2015-06-20,4121,Inspection,Low,False,1132.77,2.2,1.8,2.2,0.7,6.9,1,2.0,3285,4,4,3,3,88000,WO-00205
WO-00337,Cleaning – Instrument/Analyser INST-0052,INST-0052,INST,Unit-100,2021-05-12,1968,Cleaning,Medium,False,13602.28,16.5,0.8,1.2,9.7,28.2,4,1.8,730,2,1,3,2,4800,
WO-00338,Overhaul – Instrument/Analyser INST-0086,INST-0086,INST,Tank-Farm,2024-12-09,661,Overhaul,Medium,False,209480.22,216.7,13.7,43.7,9.1,283.2,35,1.8,730,2,1,3,2,4800,
WO-00339,Calibration – Electrical Equipment ELEC-0048,ELEC-0048,ELEC,Unit-200,2022-03-12,1664,Calibration,Medium,False,1535.59,0.4,8.8,9.9,0.3,19.400000000000002,2,2.0,1460,3,1,3,3,24000,
WO-00340,Overhaul – Storage Tank TNK-0004,TNK-0004,TNK,Tank-Farm,2018-06-22,3023,Overhaul,High,False,414585.55,67.4,26.3,45.5,4.7,143.89999999999998,18,3.5,5475,4,5,3,4,390000,
WO-00341,Cleaning – Control Valve VLV-0042,VLV-0042,VLV,Unit-300,2014-03-19,4579,Cleaning,Low,False,22305.07,18.3,1.6,0.4,4.8,25.1,3,1.5,1095,3,2,3,2,13500,
WO-00342,Repair – Piping/Pipeline Segment PPL-0040,PPL-0040,PPL,Unit-200,2023-07-05,1184,Repair,Medium,False,45520.33,51.7,15.7,3.1,9.0,79.5,10,2.0,3285,4,4,3,3,88000,
WO-00343,Overhaul – Instrument/Analyser INST-0031,INST-0031,INST,Unit-100,2019-11-24,2503,Overhaul,High,False,178472.38,108.6,13.2,38.3,15.1,175.2,22,1.8,730,2,1,3,2,4800,
WO-00344,Cleaning – Piping/Pipeline Segment PPL-0002,PPL-0002,PPL,Unit-100,2022-11-22,1409,Cleaning,High,False,24501.53,6.9,0.9,1.0,3.3,12.100000000000001,2,2.0,3285,4,4,3,3,88000,
WO-00345,Cleaning – Centrifugal Pump PMP-0074,PMP-0074,PMP,Flare-System,2019-05-17,2694,Cleaning,High,False,4776.27,7.7,1.7,0.6,7.0,17.0,2,2.5,1825,3,2,4,3,48000,
WO-00346,Repair – Centrifugal Pump PMP-0061,PMP-0061,PMP,Utilities,2023-08-15,1143,Repair,Critical,True,59711.78,85.3,20.3,10.1,4.5,120.19999999999999,15,2.5,1825,3,2,4,3,48000,
WO-00347,Overhaul – Electrical Equipment ELEC-0079,ELEC-0079,ELEC,Offsites,2022-07-08,1546,Overhaul,Medium,False,90645.91,124.8,24.4,9.5,9.5,168.2,21,2.0,1460,3,1,3,3,24000,
WO-00348,Cleaning – Instrument/Analyser INST-0127,INST-0127,INST,Utilities,2014-07-13,4463,Cleaning,Low,False,20348.02,17.0,1.7,1.6,2.8,23.1,3,1.8,730,2,1,3,2,4800,
WO-00349,Inspection – Heat Exchanger HX-0030,HX-0030,HX,Unit-100,2017-12-27,3200,Inspection,Critical,True,5016.6,8.3,0.7,3.4,0.4,12.8,2,2.0,2190,4,3,5,4,195000,
WO-00350,Inspection – Electrical Equipment ELEC-0085,ELEC-0085,ELEC,Utilities,2015-02-21,4240,Inspection,Medium,False,1301.98,2.8,1.2,3.1,0.5,7.6,1,2.0,1460,3,1,3,3,24000,
WO-00351,Inspection – Centrifugal Pump PMP-0064,PMP-0064,PMP,Unit-300,2016-12-07,3585,Inspection,Medium,False,2605.28,8.2,1.8,2.8,0.1,12.9,2,2.5,1825,3,2,4,3,48000,
WO-00352,Repair – Instrument/Analyser INST-0133,INST-0133,INST,Offsites,2014-12-05,4318,Repair,Medium,False,34265.5,30.4,5.1,12.6,9.2,57.3,7,1.8,730,2,1,3,2,4800,WO-00004
WO-00353,Replacement – Reciprocating Compressor CMP-0013,CMP-0013,CMP,Flare-System,2022-05-19,1596,Replacement,Critical,False,78932.16,51.3,10.6,20.4,4.5,86.8,11,3.0,1460,5,4,5,5,490000,
WO-00354,Cleaning – Centrifugal Pump PMP-0044,PMP-0044,PMP,Offsites,2018-01-03,3193,Cleaning,High,False,12152.47,27.5,1.0,0.8,5.2,34.5,4,2.5,1825,3,2,4,3,48000,
WO-00355,Replacement – Electrical Equipment ELEC-0030,ELEC-0030,ELEC,Flare-System,2019-01-14,2817,Replacement,Medium,False,88134.26,27.8,8.9,16.3,1.5,54.5,7,2.0,1460,3,1,3,3,24000,
WO-00356,Overhaul – Electrical Equipment ELEC-0055,ELEC-0055,ELEC,Unit-200,2019-12-17,2480,Overhaul,High,False,280020.28,183.9,39.8,43.5,11.5,278.7,35,2.0,1460,3,1,3,3,24000,
WO-00357,Calibration – Centrifugal Pump PMP-0066,PMP-0066,PMP,Unit-100,2024-02-06,968,Calibration,High,False,1829.05,1.3,6.4,16.4,0.2,24.299999999999997,3,2.5,1825,3,2,4,3,48000,
WO-00358,Inspection – Centrifugal Pump PMP-0059,PMP-0059,PMP,Tank-Farm,2019-04-16,2725,Inspection,Medium,False,3613.66,7.3,1.0,2.5,0.9,11.700000000000001,1,2.5,1825,3,2,4,3,48000,WO-00090
WO-00359,Cleaning – Instrument/Analyser INST-0090,INST-0090,INST,Offsites,2014-12-31,4292,Cleaning,High,False,23801.28,14.2,1.6,0.3,4.3,20.4,3,1.8,730,2,1,3,2,4800,
WO-00360,Inspection – Centrifugal Pump PMP-0018,PMP-0018,PMP,Unit-200,2019-03-23,2749,Inspection,Low,False,4313.36,3.5,1.3,1.8,0.1,6.699999999999999,1,2.5,1825,3,2,4,3,48000,WO-00096
WO-00361,Cleaning – Instrument/Analyser INST-0172,INST-0172,INST,Unit-200,2015-05-14,4158,Cleaning,Critical,True,23474.82,15.8,0.1,1.1,6.5,23.5,3,1.8,730,2,1,3,2,4800,
WO-00362,Repair – Storage Tank TNK-0013,TNK-0013,TNK,Flare-System,2019-03-07,2765,Repair,Low,False,50357.71,76.5,16.8,13.1,3.3,109.69999999999999,14,3.5,5475,4,5,3,4,390000,
WO-00363,Overhaul – Instrument/Analyser INST-0175,INST-0175,INST,Unit-200,2021-03-29,2012,Overhaul,Medium,False,109961.07,51.2,34.7,49.3,21.9,157.1,20,1.8,730,2,1,3,2,4800,
WO-00364,Testing – Control Valve VLV-0011,VLV-0011,VLV,Tank-Farm,2015-05-31,4141,Testing,Medium,False,10981.01,8.1,16.0,5.6,0.4,30.1,4,1.5,1095,3,2,3,2,13500,
WO-00365,Replacement – Reciprocating Compressor CMP-0004,CMP-0004,CMP,Unit-200,2011-11-13,5436,Replacement,Critical,False,114652.62,59.8,8.7,18.2,4.7,91.4,11,3.0,1460,5,4,5,5,490000,
WO-00366,Replacement – Instrument/Analyser INST-0132,INST-0132,INST,Tank-Farm,2016-04-21,3815,Replacement,Low,False,31837.75,25.1,5.9,6.2,3.0,40.2,5,1.8,730,2,1,3,2,4800,
WO-00367,Inspection – Centrifugal Pump PMP-0039,PMP-0039,PMP,Unit-100,2017-10-17,3271,Inspection,High,False,3003.2,6.2,0.7,3.1,0.0,10.0,1,2.5,1825,3,2,4,3,48000,
WO-00368,Cleaning – Instrument/Analyser INST-0042,INST-0042,INST,Unit-100,2013-05-08,4894,Cleaning,Medium,False,17343.19,17.6,0.9,0.7,3.8,23.0,3,1.8,730,2,1,3,2,4800,
WO-00369,Inspection – Pressure Vessel VSL-0027,VSL-0027,VSL,Unit-200,2013-01-04,5018,Inspection,Critical,False,3028.98,7.4,0.2,1.3,0.7,9.6,1,2.8,3650,5,5,5,5,290000,
WO-00370,Calibration – Instrument/Analyser INST-0171,INST-0171,INST,Flare-System,2018-05-06,3070,Calibration,Medium,False,2824.47,1.9,5.4,8.2,0.6,16.1,2,1.8,730,2,1,3,2,4800,
WO-00371,Cleaning – Reciprocating Compressor CMP-0012,CMP-0012,CMP,Unit-100,2022-01-29,1706,Cleaning,Low,False,8722.69,5.5,0.4,0.3,3.0,9.2,1,3.0,1460,5,4,5,5,490000,
WO-00372,Inspection – Electrical Equipment ELEC-0002,ELEC-0002,ELEC,Unit-200,2016-04-24,3812,Inspection,High,False,5053.75,9.6,0.7,3.1,0.7,14.099999999999998,2,2.0,1460,3,1,3,3,24000,WO-00073
WO-00373,Overhaul – Instrument/Analyser INST-0143,INST-0143,INST,Offsites,2022-06-05,1579,Overhaul,Medium,False,493005.17,189.1,42.0,49.5,11.4,292.0,36,1.8,730,2,1,3,2,4800,
WO-00374,Cleaning – Control Valve VLV-0016,VLV-0016,VLV,Unit-300,2016-06-23,3752,Cleaning,Medium,False,16998.51,21.8,1.5,1.8,4.8,29.900000000000002,4,1.5,1095,3,2,3,2,13500,WO-00257
WO-00375,Replacement – Control Valve VLV-0090,VLV-0090,VLV,Flare-System,2013-09-16,4763,Replacement,High,False,73375.4,47.1,16.2,12.4,5.6,81.3,10,1.5,1095,3,2,3,2,13500,
WO-00376,Inspection – Centrifugal Pump PMP-0042,PMP-0042,PMP,Utilities,2017-11-04,3253,Inspection,Medium,False,2527.83,9.3,0.6,4.9,0.2,15.0,2,2.5,1825,3,2,4,3,48000,
WO-00377,Cleaning – Pressure Vessel VSL-0027,VSL-0027,VSL,Unit-200,2013-01-04,5018,Cleaning,Critical,False,17724.88,19.5,1.4,1.8,6.5,29.2,4,2.8,3650,5,5,5,5,290000,
WO-00378,Replacement – Control Valve VLV-0030,VLV-0030,VLV,Tank-Farm,2018-04-29,3077,Replacement,Medium,False,86445.18,33.7,11.9,15.9,4.4,65.9,8,1.5,1095,3,2,3,2,13500,
WO-00379,Calibration – Centrifugal Pump PMP-0071,PMP-0071,PMP,Tank-Farm,2015-09-21,4028,Calibration,Critical,False,2200.04,1.4,9.1,13.5,1.0,25.0,3,2.5,1825,3,2,4,3,48000,
WO-00380,Cleaning – Instrument/Analyser INST-0056,INST-0056,INST,Unit-200,2023-08-09,1149,Cleaning,Low,False,18206.24,15.5,0.6,1.1,4.9,22.1,3,1.8,730,2,1,3,2,4800,
WO-00381,Replacement – Instrument/Analyser INST-0061,INST-0061,INST,Unit-300,2016-02-18,3878,Replacement,Medium,False,25206.3,38.0,9.1,5.9,6.1,59.1,7,1.8,730,2,1,3,2,4800,
WO-00382,Inspection – Centrifugal Pump PMP-0054,PMP-0054,PMP,Tank-Farm,2016-06-16,3759,Inspection,Low,False,5022.52,6.5,1.5,2.4,0.2,10.6,1,2.5,1825,3,2,4,3,48000,
WO-00383,Cleaning – Reciprocating Compressor CMP-0001,CMP-0001,CMP,Unit-200,2012-08-27,5148,Cleaning,Low,False,1651.36,23.7,0.4,1.6,7.6,33.3,4,3.0,1460,5,4,5,5,490000,
WO-00384,Testing – Centrifugal Pump PMP-0052,PMP-0052,PMP,Unit-300,2016-06-28,3747,Testing,Critical,False,4478.95,15.8,10.3,16.6,1.2,43.900000000000006,5,2.5,1825,3,2,4,3,48000,
WO-00385,Inspection – Instrument/Analyser INST-0131,INST-0131,INST,Unit-100,2024-03-22,923,Inspection,Medium,False,1027.45,3.0,0.5,4.6,0.5,8.6,1,1.8,730,2,1,3,2,4800,
WO-00386,Repair – Control Valve VLV-0078,VLV-0078,VLV,Utilities,2021-03-03,2038,Repair,Low,False,59325.56,44.0,26.5,15.4,7.7,93.60000000000001,12,1.5,1095,3,2,3,2,13500,
WO-00387,Cleaning – Centrifugal Pump PMP-0045,PMP-0045,PMP,Tank-Farm,2017-12-05,3222,Cleaning,Critical,True,13685.79,25.4,0.9,1.6,2.4,30.299999999999997,4,2.5,1825,3,2,4,3,48000,
WO-00388,Cleaning – Reciprocating Compressor CMP-0005,CMP-0005,CMP,Flare-System,2015-04-12,4190,Cleaning,Low,False,2766.69,27.4,0.0,1.4,3.9,32.699999999999996,4,3.0,1460,5,4,5,5,490000,
WO-00389,Replacement – Piping/Pipeline Segment PPL-0030,PPL-0030,PPL,Tank-Farm,2013-06-27,4844,Replacement,Critical,False,8137.59,9.4,12.0,23.7,9.8,54.89999999999999,7,2.0,3285,4,4,3,3,88000,
WO-00390,Overhaul – Control Valve VLV-0027,VLV-0027,VLV,Unit-100,2024-03-23,922,Overhaul,Low,False,73766.65,144.4,33.2,18.5,16.2,212.3,27,1.5,1095,3,2,3,2,13500,
WO-00391,Inspection – Instrument/Analyser INST-0134,INST-0134,INST,Tank-Farm,2013-08-23,4787,Inspection,High,False,2294.11,3.7,0.2,1.7,0.6,6.2,1,1.8,730,2,1,3,2,4800,
WO-00392,Calibration – Distillation Tower TWR-0011,TWR-0011,TWR,Unit-100,2018-09-10,2943,Calibration,Critical,False,2683.66,1.9,7.3,7.2,0.1,16.5,2,2.2,2920,5,5,5,5,980000,
WO-00393,Testing – Heat Exchanger HX-0034,HX-0034,HX,Flare-System,2021-09-06,1851,Testing,Low,False,14454.01,8.9,10.5,14.2,0.6,34.199999999999996,4,2.0,2190,4,3,5,4,195000,WO-00363
WO-00394,Replacement – Control Valve VLV-0059,VLV-0059,VLV,Unit-100,2020-07-10,2274,Replacement,High,False,47451.41,30.3,4.3,11.7,8.7,55.0,7,1.5,1095,3,2,3,2,13500,
WO-00395,Cleaning – Centrifugal Pump PMP-0009,PMP-0009,PMP,Unit-300,2016-09-28,3655,Cleaning,Critical,False,10759.29,8.1,0.0,0.5,2.5,11.1,1,2.5,1825,3,2,4,3,48000,
WO-00396,Calibration – Instrument/Analyser INST-0173,INST-0173,INST,Offsites,2016-08-10,3704,Calibration,High,False,2215.12,1.9,5.4,15.3,0.7,23.3,3,1.8,730,2,1,3,2,4800,
WO-00397,Replacement – Control Valve VLV-0076,VLV-0076,VLV,Unit-300,2022-07-01,1553,Replacement,High,False,65930.4,49.4,10.3,8.6,9.9,78.2,10,1.5,1095,3,2,3,2,13500,
WO-00398,Testing – Instrument/Analyser INST-0019,INST-0019,INST,Offsites,2012-08-04,5171,Testing,Medium,False,12231.17,17.1,19.9,8.2,1.3,46.5,6,1.8,730,2,1,3,2,4800,
WO-00399,Calibration – Heat Exchanger HX-0016,HX-0016,HX,Flare-System,2017-10-02,3286,Calibration,Medium,False,960.38,0.4,4.6,11.7,0.6,17.3,2,2.0,2190,4,3,5,4,195000,
WO-00400,Calibration – Electrical Equipment ELEC-0041,ELEC-0041,ELEC,Offsites,2022-05-16,1599,Calibration,Critical,True,2093.22,0.5,5.8,9.4,0.2,15.899999999999999,2,2.0,1460,3,1,3,3,24000,
WO-00401,Replacement – Control Valve VLV-0004,VLV-0004,VLV,Unit-200,2025-07-22,436,Replacement,Medium,False,34453.37,37.7,3.1,9.4,1.4,51.6,6,1.5,1095,3,2,3,2,13500,WO-00202
WO-00402,Cleaning – Instrument/Analyser INST-0060,INST-0060,INST,Unit-300,2014-12-13,4310,Cleaning,Medium,False,9099.52,7.5,1.9,1.2,7.4,18.0,2,1.8,730,2,1,3,2,4800,
WO-00403,Calibration – Electrical Equipment ELEC-0071,ELEC-0071,ELEC,Unit-100,2013-03-13,4950,Calibration,High,False,2709.86,0.8,7.5,7.7,0.7,16.7,2,2.0,1460,3,1,3,3,24000,
WO-00404,Inspection – Instrument/Analyser INST-0152,INST-0152,INST,Utilities,2014-06-16,4490,Inspection,Medium,False,7670.91,8.9,0.6,5.0,0.3,14.8,2,1.8,730,2,1,3,2,4800,
WO-00405,Repair – Instrument/Analyser INST-0083,INST-0083,INST,Tank-Farm,2016-10-30,3623,Repair,High,False,25758.52,49.4,21.3,4.3,4.8,79.8,10,1.8,730,2,1,3,2,4800,
WO-00406,Calibration – Electrical Equipment ELEC-0081,ELEC-0081,ELEC,Unit-200,2017-03-16,3486,Calibration,Medium,False,580.71,0.5,7.7,6.5,0.4,15.1,2,2.0,1460,3,1,3,3,24000,
WO-00407,Calibration – Heat Exchanger HX-0030,HX-0030,HX,Unit-100,2017-12-27,3200,Calibration,Medium,False,465.67,1.7,7.8,9.4,0.8,19.7,2,2.0,2190,4,3,5,4,195000,
WO-00408,Cleaning – Piping/Pipeline Segment PPL-0023,PPL-0023,PPL,Utilities,2019-03-14,2758,Cleaning,Medium,False,14403.55,21.6,2.0,1.2,8.5,33.3,4,2.0,3285,4,4,3,3,88000,
WO-00409,Repair – Instrument/Analyser INST-0054,INST-0054,INST,Offsites,2014-03-07,4591,Repair,Medium,False,76452.94,25.8,8.3,12.6,5.0,51.7,6,1.8,730,2,1,3,2,4800,
WO-00410,Calibration – Pressure Vessel VSL-0003,VSL-0003,VSL,Tank-Farm,2019-01-17,2814,Calibration,Critical,True,2808.8,0.8,7.7,7.1,0.5,16.1,2,2.8,3650,5,5,5,5,290000,
WO-00411,Overhaul – Control Valve VLV-0027,VLV-0027,VLV,Unit-100,2024-03-23,922,Overhaul,High,False,334021.83,187.1,35.3,23.1,4.1,249.59999999999997,31,1.5,1095,3,2,3,2,13500,
WO-00412,Testing – Instrument/Analyser INST-0172,INST-0172,INST,Unit-200,2015-05-14,4158,Testing,High,False,13873.83,7.9,9.2,12.7,1.4,31.2,4,1.8,730,2,1,3,2,4800,
WO-00413,Inspection – Piping/Pipeline Segment PPL-0031,PPL-0031,PPL,Unit-100,2013-02-19,4972,Inspection,High,False,3580.68,4.1,0.6,1.7,0.7,7.1,1,2.0,3285,4,4,3,3,88000,
WO-00414,Replacement – Instrument/Analyser INST-0137,INST-0137,INST,Unit-200,2017-01-19,3542,Replacement,Low,False,68694.19,33.6,16.3,23.1,2.2,75.2,9,1.8,730,2,1,3,2,4800,
WO-00415,Calibration – Centrifugal Pump PMP-0021,PMP-0021,PMP,Unit-300,2015-05-02,4170,Calibration,High,False,2139.15,0.7,4.8,4.1,1.0,10.6,1,2.5,1825,3,2,4,3,48000,
WO-00416,Overhaul – Distillation Tower TWR-0012,TWR-0012,TWR,Utilities,2015-04-30,4172,Overhaul,Medium,False,333104.76,48.1,15.3,34.2,14.3,111.9,14,2.2,2920,5,5,5,5,980000,
WO-00417,Cleaning – Instrument/Analyser INST-0164,INST-0164,INST,Flare-System,2016-11-15,3607,Cleaning,High,False,15434.46,23.6,0.1,1.4,7.7,32.800000000000004,4,1.8,730,2,1,3,2,4800,
WO-00418,Inspection – Control Valve VLV-0115,VLV-0115,VLV,Tank-Farm,2021-12-19,1747,Inspection,High,False,2182.51,3.6,1.0,1.5,0.7,6.8,1,1.5,1095,3,2,3,2,13500,
WO-00419,Inspection – Electrical Equipment ELEC-0009,ELEC-0009,ELEC,Utilities,2025-04-01,548,Inspection,High,False,2962.75,3.5,2.0,2.2,0.2,7.9,1,2.0,1460,3,1,3,3,24000,
WO-00420,Replacement – Instrument/Analyser INST-0148,INST-0148,INST,Utilities,2021-11-27,1769,Replacement,Low,False,74672.62,48.7,8.6,16.5,5.3,79.10000000000001,10,1.8,730,2,1,3,2,4800,
WO-00421,Cleaning – Centrifugal Pump PMP-0042,PMP-0042,PMP,Utilities,2017-11-04,3253,Cleaning,Medium,False,7957.4,20.9,1.6,0.9,9.9,33.3,4,2.5,1825,3,2,4,3,48000,
WO-00422,Inspection – Instrument/Analyser INST-0055,INST-0055,INST,Tank-Farm,2020-07-17,2267,Inspection,Medium,False,6421.99,6.8,1.1,3.1,0.9,11.9,1,1.8,730,2,1,3,2,4800,
WO-00423,Cleaning – Heat Exchanger HX-0028,HX-0028,HX,Unit-100,2012-12-08,5045,Cleaning,Medium,False,2172.64,14.8,1.8,1.4,2.4,20.4,3,2.0,2190,4,3,5,4,195000,
WO-00424,Repair – Instrument/Analyser INST-0011,INST-0011,INST,Unit-100,2023-03-09,1302,Repair,Medium,False,44641.37,10.1,18.6,3.0,3.9,35.6,4,1.8,730,2,1,3,2,4800,
WO-00425,Repair – Control Valve VLV-0107,VLV-0107,VLV,Utilities,2017-05-13,3428,Repair,Medium,False,29908.06,87.1,27.9,2.4,3.2,120.60000000000001,15,1.5,1095,3,2,3,2,13500,
WO-00426,Calibration – Electrical Equipment ELEC-0030,ELEC-0030,ELEC,Flare-System,2019-01-14,2817,Calibration,Critical,False,1298.77,1.3,6.9,15.8,0.7,24.7,3,2.0,1460,3,1,3,3,24000,
WO-00427,Inspection – Electrical Equipment ELEC-0068,ELEC-0068,ELEC,Flare-System,2025-09-11,385,Inspection,Medium,False,1582.18,9.5,1.8,4.2,0.1,15.6,2,2.0,1460,3,1,3,3,24000,
WO-00428,Inspection – Distillation Tower TWR-0007,TWR-0007,TWR,Flare-System,2014-12-13,4310,Inspection,Low,False,3326.04,4.1,1.7,1.6,0.6,8.0,1,2.2,2920,5,5,5,5,980000,WO-00330
WO-00429,Calibration – Instrument/Analyser INST-0042,INST-0042,INST,Unit-100,2013-05-08,4894,Calibration,Low,False,421.85,1.8,7.1,11.3,0.7,20.900000000000002,3,1.8,730,2,1,3,2,4800,WO-00323
WO-00430,Overhaul – Instrument/Analyser INST-0098,INST-0098,INST,Unit-300,2016-12-04,3588,Overhaul,High,False,325823.07,130.5,11.0,41.1,6.5,189.1,24,1.8,730,2,1,3,2,4800,WO-00356
WO-00431,Replacement – Instrument/Analyser INST-0116,INST-0116,INST,Unit-100,2012-03-08,5320,Replacement,Low,False,37204.69,28.9,13.1,10.2,2.6,54.800000000000004,7,1.8,730,2,1,3,2,4800,
WO-00432,Testing – Instrument/Analyser INST-0103,INST-0103,INST,Unit-300,2017-05-18,3423,Testing,Low,False,7149.47,7.9,4.9,4.7,0.8,18.3,2,1.8,730,2,1,3,2,4800,
WO-00433,Calibration – Electrical Equipment ELEC-0015,ELEC-0015,ELEC,Unit-300,2025-01-14,625,Calibration,High,False,1177.95,1.9,5.4,8.4,0.4,16.1,2,2.0,1460,3,1,3,3,24000,
WO-00434,Repair – Piping/Pipeline Segment PPL-0034,PPL-0034,PPL,Unit-100,2023-10-28,1069,Repair,High,False,30171.52,68.5,14.1,18.2,6.8,107.6,13,2.0,3285,4,4,3,3,88000,
WO-00435,Inspection – Electrical Equipment ELEC-0043,ELEC-0043,ELEC,Offsites,2013-11-13,4705,Inspection,High,False,7274.18,6.4,0.6,4.5,0.1,11.6,1,2.0,1460,3,1,3,3,24000,
WO-00436,Cleaning – Heat Exchanger HX-0004,HX-0004,HX,Unit-100,2018-11-03,2889,Cleaning,Critical,True,9155.54,15.4,0.5,0.3,2.3,18.5,2,2.0,2190,4,3,5,4,195000,
WO-00437,Testing – Instrument/Analyser INST-0004,INST-0004,INST,Unit-100,2021-12-18,1748,Testing,High,False,8843.35,10.8,11.7,18.2,0.3,41.0,5,1.8,730,2,1,3,2,4800,WO-00370
WO-00438,Cleaning – Distillation Tower TWR-0007,TWR-0007,TWR,Flare-System,2014-12-13,4310,Cleaning,Critical,False,12497.54,22.5,1.8,1.6,3.5,29.400000000000002,4,2.2,2920,5,5,5,5,980000,
WO-00439,Inspection – Instrument/Analyser INST-0024,INST-0024,INST,Unit-100,2021-11-11,1785,Inspection,Medium,False,6398.13,9.3,1.9,2.2,0.8,14.200000000000003,2,1.8,730,2,1,3,2,4800,
WO-00440,Repair – Instrument/Analyser INST-0037,INST-0037,INST,Unit-300,2014-09-26,4388,Repair,High,False,44772.46,21.4,6.1,19.2,4.8,51.5,6,1.8,730,2,1,3,2,4800,
WO-00441,Replacement – Instrument/Analyser INST-0155,INST-0155,INST,Unit-100,2017-09-16,3302,Replacement,Medium,False,48577.46,57.1,3.1,6.4,8.1,74.7,9,1.8,730,2,1,3,2,4800,WO-00164
WO-00442,Inspection – Pressure Vessel VSL-0010,VSL-0010,VSL,Utilities,2016-02-26,3870,Inspection,Medium,False,855.01,3.8,0.5,1.1,0.2,5.6000000000000005,1,2.8,3650,5,5,5,5,290000,
WO-00443,Repair – Control Valve VLV-0032,VLV-0032,VLV,Unit-300,2017-04-25,3446,Repair,Medium,False,72062.39,43.9,12.3,20.0,7.9,84.10000000000001,11,1.5,1095,3,2,3,2,13500,
WO-00444,Replacement – Distillation Tower TWR-0005,TWR-0005,TWR,Tank-Farm,2024-12-13,657,Replacement,High,False,41950.13,34.8,11.8,4.3,9.6,60.49999999999999,8,2.2,2920,5,5,5,5,980000,
WO-00445,Cleaning – Electrical Equipment ELEC-0060,ELEC-0060,ELEC,Tank-Farm,2015-08-10,4070,Cleaning,Medium,False,6075.31,22.4,1.5,0.2,6.8,30.9,4,2.0,1460,3,1,3,3,24000,
WO-00446,Repair – Control Valve VLV-0062,VLV-0062,VLV,Unit-300,2025-01-09,630,Repair,High,False,18075.11,88.7,16.0,3.7,2.0,110.4,14,1.5,1095,3,2,3,2,13500,
WO-00447,Replacement – Centrifugal Pump PMP-0013,PMP-0013,PMP,Unit-200,2014-03-04,4594,Replacement,High,False,62086.67,46.9,5.4,23.9,2.5,78.69999999999999,10,2.5,1825,3,2,4,3,48000,
WO-00448,Testing – Piping/Pipeline Segment PPL-0031,PPL-0031,PPL,Unit-100,2013-02-19,4972,Testing,High,False,12571.36,13.7,18.3,6.7,0.0,38.7,5,2.0,3285,4,4,3,3,88000,
WO-00449,Inspection – Reciprocating Compressor CMP-0007,CMP-0007,CMP,Flare-System,2018-06-29,3016,Inspection,Medium,False,3247.37,3.8,1.8,4.5,0.8,10.9,1,3.0,1460,5,4,5,5,490000,
WO-00450,Inspection – Instrument/Analyser INST-0083,INST-0083,INST,Tank-Farm,2016-10-30,3623,Inspection,Medium,False,957.92,7.2,1.3,2.5,0.5,11.5,1,1.8,730,2,1,3,2,4800,
WO-00451,Replacement – Electrical Equipment ELEC-0026,ELEC-0026,ELEC,Utilities,2019-09-19,2569,Replacement,Medium,False,41129.16,29.8,12.9,23.1,5.8,71.60000000000001,9,2.0,1460,3,1,3,3,24000,
WO-00452,Calibration – Control Valve VLV-0038,VLV-0038,VLV,Tank-Farm,2015-04-25,4177,Calibration,Low,False,517.82,1.3,5.9,13.2,0.0,20.4,3,1.5,1095,3,2,3,2,13500,
WO-00453,Testing – Control Valve VLV-0079,VLV-0079,VLV,Unit-300,2016-02-27,3869,Testing,High,False,550.49,5.8,7.6,19.6,1.2,34.2,4,1.5,1095,3,2,3,2,13500,
WO-00454,Calibration – Control Valve VLV-0042,VLV-0042,VLV,Unit-300,2014-03-19,4579,Calibration,High,False,1189.73,0.9,5.1,12.3,0.5,18.8,2,1.5,1095,3,2,3,2,13500,
WO-00455,Overhaul – Heat Exchanger HX-0014,HX-0014,HX,Unit-100,2018-12-11,2851,Overhaul,Critical,True,546377.23,140.6,46.5,31.1,19.4,237.6,30,2.0,2190,4,3,5,4,195000,
WO-00456,Calibration – Heat Exchanger HX-0016,HX-0016,HX,Flare-System,2017-10-02,3286,Calibration,Low,False,940.1,0.0,3.3,4.3,0.9,8.5,1,2.0,2190,4,3,5,4,195000,WO-00444
WO-00457,Calibration – Reciprocating Compressor CMP-0002,CMP-0002,CMP,Utilities,2023-06-13,1206,Calibration,High,False,502.76,1.8,8.0,9.3,0.5,19.6,2,3.0,1460,5,4,5,5,490000,
WO-00458,Inspection – Distillation Tower TWR-0005,TWR-0005,TWR,Tank-Farm,2024-12-13,657,Inspection,Medium,False,4311.4,7.9,0.4,2.8,0.5,11.600000000000001,1,2.2,2920,5,5,5,5,980000,
WO-00459,Testing – Instrument/Analyser INST-0038,INST-0038,INST,Unit-200,2018-01-25,3171,Testing,Critical,False,12800.0,13.2,15.7,16.1,1.1,46.1,6,1.8,730,2,1,3,2,4800,
WO-00460,Calibration – Centrifugal Pump PMP-0010,PMP-0010,PMP,Tank-Farm,2019-07-20,2630,Calibration,Critical,False,2205.74,1.0,9.0,14.8,0.4,25.2,3,2.5,1825,3,2,4,3,48000,WO-00148
WO-00461,Inspection – Electrical Equipment ELEC-0055,ELEC-0055,ELEC,Unit-200,2019-12-17,2480,Inspection,Medium,False,3203.31,5.7,0.3,1.8,0.2,8.0,1,2.0,1460,3,1,3,3,24000,
WO-00462,Calibration – Instrument/Analyser INST-0129,INST-0129,INST,Tank-Farm,2025-03-27,553,Calibration,Critical,False,1272.23,0.3,2.9,5.4,0.4,9.0,1,1.8,730,2,1,3,2,4800,
WO-00463,Replacement – Centrifugal Pump PMP-0045,PMP-0045,PMP,Tank-Farm,2017-12-05,3222,Replacement,Low,False,115576.32,34.4,16.8,6.6,3.4,61.2,8,2.5,1825,3,2,4,3,48000,
WO-00464,Replacement – Electrical Equipment ELEC-0053,ELEC-0053,ELEC,Unit-300,2014-07-28,4448,Replacement,Critical,False,79566.7,58.8,11.9,10.1,5.8,86.6,11,2.0,1460,3,1,3,3,24000,
WO-00465,Inspection – Centrifugal Pump PMP-0019,PMP-0019,PMP,Utilities,2025-02-20,588,Inspection,High,False,653.07,9.1,1.3,2.2,0.2,12.8,2,2.5,1825,3,2,4,3,48000,WO-00264
WO-00466,Repair – Instrument/Analyser INST-0057,INST-0057,INST,Offsites,2024-01-29,976,Repair,High,False,25332.85,37.6,26.2,18.1,9.2,91.10000000000001,11,1.8,730,2,1,3,2,4800,
WO-00467,Inspection – Distillation Tower TWR-0009,TWR-0009,TWR,Tank-Farm,2025-03-10,570,Inspection,Low,False,3855.98,4.4,1.8,1.1,0.6,7.9,1,2.2,2920,5,5,5,5,980000,
WO-00468,Testing – Instrument/Analyser INST-0020,INST-0020,INST,Utilities,2023-09-04,1123,Testing,Low,False,9926.89,19.1,5.5,11.2,0.0,35.8,4,1.8,730,2,1,3,2,4800,
WO-00469,Repair – Piping/Pipeline Segment PPL-0018,PPL-0018,PPL,Unit-200,2024-05-14,870,Repair,Critical,False,4188.1,9.7,13.5,6.7,8.6,38.5,5,2.0,3285,4,4,3,3,88000,
WO-00470,Calibration – Storage Tank TNK-0020,TNK-0020,TNK,Flare-System,2013-08-22,4788,Calibration,High,False,1752.49,0.8,3.2,20.0,0.6,24.6,3,3.5,5475,4,5,3,4,390000,
WO-00471,Replacement – Control Valve VLV-0041,VLV-0041,VLV,Offsites,2023-09-16,1111,Replacement,High,False,109158.75,50.7,16.6,16.3,9.0,92.60000000000001,12,1.5,1095,3,2,3,2,13500,
WO-00472,Calibration – Instrument/Analyser INST-0069,INST-0069,INST,Utilities,2014-01-05,4652,Calibration,Medium,False,1332.45,1.2,10.0,19.8,0.5,31.5,4,1.8,730,2,1,3,2,4800,
WO-00473,Repair – Piping/Pipeline Segment PPL-0020,PPL-0020,PPL,Flare-System,2021-11-10,1786,Repair,Medium,False,78879.59,79.6,5.7,7.8,9.1,102.19999999999999,13,2.0,3285,4,4,3,3,88000,
WO-00474,Calibration – Instrument/Analyser INST-0162,INST-0162,INST,Utilities,2022-12-04,1397,Calibration,Medium,False,2070.19,0.8,5.2,16.9,0.3,23.2,3,1.8,730,2,1,3,2,4800,
WO-00475,Calibration – Electrical Equipment ELEC-0081,ELEC-0081,ELEC,Unit-200,2017-03-16,3486,Calibration,Medium,False,2564.76,0.6,7.9,5.7,0.1,14.299999999999999,2,2.0,1460,3,1,3,3,24000,
WO-00476,Inspection – Pressure Vessel VSL-0018,VSL-0018,VSL,Offsites,2013-06-14,4857,Inspection,Medium,False,7612.97,9.2,0.1,4.4,0.5,14.2,2,2.8,3650,5,5,5,5,290000,
WO-00477,Repair – Control Valve VLV-0044,VLV-0044,VLV,Offsites,2012-11-12,5071,Repair,Medium,False,47004.01,18.7,4.1,10.9,9.5,43.199999999999996,5,1.5,1095,3,2,3,2,13500,
WO-00478,Replacement – Instrument/Analyser INST-0026,INST-0026,INST,Unit-300,2017-03-15,3487,Replacement,High,False,8556.03,55.6,7.9,18.1,7.2,88.8,11,1.8,730,2,1,3,2,4800,
WO-00479,Inspection – Electrical Equipment ELEC-0036,ELEC-0036,ELEC,Unit-300,2025-02-01,607,Inspection,Medium,False,3449.0,4.5,1.4,4.3,0.2,10.399999999999999,1,2.0,1460,3,1,3,3,24000,
WO-00480,Inspection – Piping/Pipeline Segment PPL-0001,PPL-0001,PPL,Utilities,2014-08-02,4443,Inspection,High,False,2185.49,8.1,1.6,4.1,0.1,13.899999999999999,2,2.0,3285,4,4,3,3,88000,
WO-00481,Overhaul – Instrument/Analyser INST-0135,INST-0135,INST,Tank-Farm,2014-07-19,4457,Overhaul,Medium,False,595019.48,170.8,47.3,14.1,13.0,245.20000000000002,31,1.8,730,2,1,3,2,4800,
WO-00482,Replacement – Instrument/Analyser INST-0148,INST-0148,INST,Utilities,2021-11-27,1769,Replacement,Medium,False,77738.48,34.6,19.9,7.5,9.4,71.4,9,1.8,730,2,1,3,2,4800,
WO-00483,Overhaul – Instrument/Analyser INST-0026,INST-0026,INST,Unit-300,2017-03-15,3487,Overhaul,Low,False,324232.1,93.1,48.5,46.3,23.5,211.39999999999998,26,1.8,730,2,1,3,2,4800,
WO-00484,Cleaning – Control Valve VLV-0067,VLV-0067,VLV,Tank-Farm,2016-10-05,3648,Cleaning,Medium,False,11840.45,24.4,0.0,1.7,6.0,32.099999999999994,4,1.5,1095,3,2,3,2,13500,
WO-00485,Replacement – Pressure Vessel VSL-0011,VSL-0011,VSL,Unit-100,2019-05-25,2686,Replacement,Critical,False,47391.66,9.6,9.6,12.2,3.0,34.4,4,2.8,3650,5,5,5,5,290000,
WO-00486,Cleaning – Instrument/Analyser INST-0018,INST-0018,INST,Unit-200,2015-12-18,3940,Cleaning,Medium,False,8626.51,23.9,0.2,1.2,3.3,28.599999999999998,4,1.8,730,2,1,3,2,4800,
WO-00487,Cleaning – Electrical Equipment ELEC-0036,ELEC-0036,ELEC,Unit-300,2025-02-01,607,Cleaning,High,False,16415.14,14.3,1.0,0.4,5.7,21.400000000000002,3,2.0,1460,3,1,3,3,24000,
WO-00488,Cleaning – Instrument/Analyser INST-0053,INST-0053,INST,Tank-Farm,2025-07-18,440,Cleaning,Critical,True,11435.72,22.7,0.9,0.5,4.2,28.299999999999997,4,1.8,730,2,1,3,2,4800,
WO-00489,Cleaning – Electrical Equipment ELEC-0022,ELEC-0022,ELEC,Unit-300,2024-03-08,937,Cleaning,Critical,False,20941.14,22.5,0.9,0.4,8.9,32.699999999999996,4,2.0,1460,3,1,3,3,24000,WO-00157
WO-00490,Replacement – Centrifugal Pump PMP-0018,PMP-0018,PMP,Unit-200,2019-03-23,2749,Replacement,Critical,False,103510.74,28.4,4.1,9.3,6.4,48.199999999999996,6,2.5,1825,3,2,4,3,48000,
WO-00491,Cleaning – Instrument/Analyser INST-0179,INST-0179,INST,Tank-Farm,2014-10-14,4370,Cleaning,Medium,False,11515.89,12.0,0.5,1.6,5.2,19.3,2,1.8,730,2,1,3,2,4800,
WO-00492,Overhaul – Instrument/Analyser INST-0023,INST-0023,INST,Unit-100,2023-11-16,1050,Overhaul,Low,False,68742.3,128.1,29.3,27.2,20.3,204.9,26,1.8,730,2,1,3,2,4800,
WO-00493,Calibration – Piping/Pipeline Segment PPL-0044,PPL-0044,PPL,Unit-300,2020-02-02,2433,Calibration,Medium,False,1831.79,1.1,7.2,8.6,0.8,17.7,2,2.0,3285,4,4,3,3,88000,
WO-00494,Replacement – Instrument/Analyser INST-0001,INST-0001,INST,Offsites,2013-11-04,4714,Replacement,Critical,False,108824.09,52.1,9.6,22.2,2.1,86.0,11,1.8,730,2,1,3,2,4800,
WO-00495,Replacement – Instrument/Analyser INST-0006,INST-0006,INST,Utilities,2017-03-13,3489,Replacement,Medium,False,70025.11,26.3,19.0,9.1,3.5,57.9,7,1.8,730,2,1,3,2,4800,
WO-00496,Inspection – Centrifugal Pump PMP-0080,PMP-0080,PMP,Utilities,2016-12-22,3570,Inspection,Critical,True,5983.92,5.0,2.0,3.8,0.1,10.9,1,2.5,1825,3,2,4,3,48000,
WO-00497,Inspection – Electrical Equipment ELEC-0030,ELEC-0030,ELEC,Flare-System,2019-01-14,2817,Inspection,High,False,7649.4,7.5,0.9,1.8,0.9,11.100000000000001,1,2.0,1460,3,1,3,3,24000,WO-00445
WO-00498,Calibration – Instrument/Analyser INST-0145,INST-0145,INST,Unit-300,2013-10-24,4725,Calibration,Low,False,2337.31,0.6,6.0,7.6,0.4,14.6,2,1.8,730,2,1,3,2,4800,
WO-00499,Calibration – Electrical Equipment ELEC-0065,ELEC-0065,ELEC,Unit-200,2016-01-21,3906,Calibration,High,False,2570.52,1.1,3.9,15.4,0.5,20.9,3,2.0,1460,3,1,3,3,24000,
WO-00500,Overhaul – Centrifugal Pump PMP-0058,PMP-0058,PMP,Unit-100,2015-08-24,4056,Overhaul,Critical,True,386381.53,187.1,18.2,44.8,11.6,261.7,33,2.5,1825,3,2,4,3,48000,
WO-00501,Inspection – Reciprocating Compressor CMP-0017,CMP-0017,CMP,Offsites,2013-07-07,4834,Inspection,Medium,False,6550.87,4.8,1.0,1.9,0.7,8.399999999999999,1,3.0,1460,5,4,5,5,490000,
WO-00502,Replacement – Electrical Equipment ELEC-0074,ELEC-0074,ELEC,Tank-Farm,2021-12-06,1760,Replacement,High,False,113684.13,9.6,4.4,15.8,7.3,37.1,5,2.0,1460,3,1,3,3,24000,
WO-00503,Cleaning – Centrifugal Pump PMP-0027,PMP-0027,PMP,Flare-System,2016-05-19,3787,Cleaning,High,False,8641.27,17.3,1.3,1.9,5.6,26.1,3,2.5,1825,3,2,4,3,48000,
WO-00504,Cleaning – Instrument/Analyser INST-0024,INST-0024,INST,Unit-100,2021-11-11,1785,Cleaning,High,False,8621.32,10.1,2.0,0.4,8.3,20.8,3,1.8,730,2,1,3,2,4800,WO-00383
WO-00505,Calibration – Control Valve VLV-0120,VLV-0120,VLV,Unit-100,2020-05-22,2323,Calibration,Medium,False,720.04,1.9,7.5,5.4,0.7,15.5,2,1.5,1095,3,2,3,2,13500,WO-00377
WO-00506,Replacement – Piping/Pipeline Segment PPL-0008,PPL-0008,PPL,Unit-300,2017-03-27,3475,Replacement,Critical,False,34984.64,45.4,15.3,10.5,8.9,80.10000000000001,10,2.0,3285,4,4,3,3,88000,
WO-00507,Inspection – Electrical Equipment ELEC-0061,ELEC-0061,ELEC,Offsites,2015-06-02,4139,Inspection,High,False,5039.02,2.9,0.6,3.0,0.3,6.8,1,2.0,1460,3,1,3,3,24000,WO-00389
WO-00508,Calibration – Storage Tank TNK-0001,TNK-0001,TNK,Unit-200,2011-12-29,5390,Calibration,Medium,False,1731.6,1.7,6.6,11.7,0.3,20.3,3,3.5,5475,4,5,3,4,390000,
WO-00509,Inspection – Control Valve VLV-0048,VLV-0048,VLV,Unit-200,2024-12-22,648,Inspection,High,False,2392.49,8.7,1.5,3.5,0.0,13.7,2,1.5,1095,3,2,3,2,13500,
WO-00510,Overhaul – Instrument/Analyser INST-0074,INST-0074,INST,Utilities,2019-09-07,2581,Overhaul,Medium,False,451608.27,132.8,8.7,15.7,15.8,173.0,22,1.8,730,2,1,3,2,4800,
WO-00511,Inspection – Instrument/Analyser INST-0144,INST-0144,INST,Utilities,2013-10-27,4722,Inspection,Medium,False,920.65,4.1,0.2,3.2,0.1,7.6,1,1.8,730,2,1,3,2,4800,
WO-00512,Calibration – Piping/Pipeline Segment PPL-0025,PPL-0025,PPL,Unit-100,2019-01-06,2825,Calibration,Medium,False,2917.45,1.9,4.2,4.5,0.3,10.9,1,2.0,3285,4,4,3,3,88000,WO-00338
WO-00513,Inspection – Centrifugal Pump PMP-0005,PMP-0005,PMP,Tank-Farm,2015-02-07,4254,Inspection,High,False,3261.87,4.4,0.4,3.8,0.7,9.3,1,2.5,1825,3,2,4,3,48000,
WO-00514,Repair – Piping/Pipeline Segment PPL-0031,PPL-0031,PPL,Unit-100,2013-02-19,4972,Repair,Critical,False,10044.83,21.8,14.0,13.8,6.3,55.89999999999999,7,2.0,3285,4,4,3,3,88000,WO-00217
WO-00515,Testing – Control Valve VLV-0089,VLV-0089,VLV,Unit-200,2016-01-12,3915,Testing,Low,False,4923.44,8.5,16.5,22.9,1.3,49.199999999999996,6,1.5,1095,3,2,3,2,13500,
WO-00516,Inspection – Centrifugal Pump PMP-0080,PMP-0080,PMP,Utilities,2016-12-22,3570,Inspection,Critical,True,5179.19,8.6,1.0,2.4,1.0,13.0,2,2.5,1825,3,2,4,3,48000,
WO-00517,Overhaul – Instrument/Analyser INST-0091,INST-0091,INST,Tank-Farm,2018-09-09,2944,Overhaul,Low,False,525923.65,220.1,49.2,45.2,5.0,319.5,40,1.8,730,2,1,3,2,4800,
WO-00518,Overhaul – Electrical Equipment ELEC-0014,ELEC-0014,ELEC,Tank-Farm,2018-07-13,3002,Overhaul,High,False,396197.22,118.9,42.2,32.2,20.9,214.20000000000002,27,2.0,1460,3,1,3,3,24000,
WO-00519,Inspection – Heat Exchanger HX-0001,HX-0001,HX,Unit-100,2017-07-31,3349,Inspection,Critical,True,3858.79,2.0,1.4,2.2,0.6,6.199999999999999,1,2.0,2190,4,3,5,4,195000,
WO-00520,Inspection – Centrifugal Pump PMP-0026,PMP-0026,PMP,Utilities,2022-07-30,1524,Inspection,High,False,5209.16,4.4,0.4,1.9,0.2,6.900000000000001,1,2.5,1825,3,2,4,3,48000,
WO-00521,Inspection – Storage Tank TNK-0001,TNK-0001,TNK,Unit-200,2011-12-29,5390,Inspection,Low,False,3284.03,7.5,1.0,3.4,0.3,12.200000000000001,2,3.5,5475,4,5,3,4,390000,
WO-00522,Overhaul – Piping/Pipeline Segment PPL-0004,PPL-0004,PPL,Unit-100,2012-01-20,5368,Overhaul,Critical,False,182873.9,220.9,35.5,33.8,21.7,311.9,39,2.0,3285,4,4,3,3,88000,
WO-00523,Repair – Heat Exchanger HX-0018,HX-0018,HX,Unit-200,2021-02-10,2059,Repair,Critical,False,54873.42,41.1,10.7,3.9,9.5,65.19999999999999,8,2.0,2190,4,3,5,4,195000,
WO-00524,Replacement – Storage Tank TNK-0006,TNK-0006,TNK,Unit-100,2013-04-21,4911,Replacement,Medium,False,84477.33,44.9,4.9,20.3,5.6,75.69999999999999,9,3.5,5475,4,5,3,4,390000,
WO-00525,Inspection – Storage Tank TNK-0009,TNK-0009,TNK,Unit-200,2012-04-19,5278,Inspection,Medium,False,916.94,7.1,0.3,3.1,0.0,10.5,1,3.5,5475,4,5,3,4,390000,
WO-00526,Repair – Piping/Pipeline Segment PPL-0044,PPL-0044,PPL,Unit-300,2020-02-02,2433,Repair,Medium,False,67432.86,96.2,27.5,10.0,4.6,138.29999999999998,17,2.0,3285,4,4,3,3,88000,
WO-00527,Testing – Control Valve VLV-0002,VLV-0002,VLV,Utilities,2012-02-26,5331,Testing,Medium,False,14606.12,15.8,8.0,22.9,1.9,48.6,6,1.5,1095,3,2,3,2,13500,
WO-00528,Repair – Instrument/Analyser INST-0068,INST-0068,INST,Flare-System,2011-11-30,5419,Repair,High,False,45771.76,94.9,6.4,17.6,1.5,120.4,15,1.8,730,2,1,3,2,4800,
WO-00529,Inspection – Piping/Pipeline Segment PPL-0042,PPL-0042,PPL,Offsites,2015-06-20,4121,Inspection,Critical,True,4145.6,3.9,1.9,3.2,0.9,9.9,1,2.0,3285,4,4,3,3,88000,
WO-00530,Inspection – Storage Tank TNK-0005,TNK-0005,TNK,Flare-System,2020-01-17,2449,Inspection,High,False,6339.85,7.6,1.1,4.3,0.8,13.8,2,3.5,5475,4,5,3,4,390000,
WO-00531,Testing – Instrument/Analyser INST-0084,INST-0084,INST,Unit-300,2016-09-01,3682,Testing,Medium,False,10935.82,14.2,11.2,4.0,0.5,29.9,4,1.8,730,2,1,3,2,4800,
WO-00532,Calibration – Reciprocating Compressor CMP-0008,CMP-0008,CMP,Unit-100,2021-05-01,1979,Calibration,High,False,1126.86,1.3,3.6,8.2,0.9,14.0,2,3.0,1460,5,4,5,5,490000,
WO-00533,Replacement – Centrifugal Pump PMP-0053,PMP-0053,PMP,Utilities,2017-12-16,3211,Replacement,High,False,61017.45,28.1,15.1,23.2,6.3,72.7,9,2.5,1825,3,2,4,3,48000,
WO-00534,Replacement – Control Valve VLV-0029,VLV-0029,VLV,Tank-Farm,2022-07-01,1553,Replacement,Medium,False,69932.56,24.6,2.0,21.3,4.9,52.800000000000004,7,1.5,1095,3,2,3,2,13500,
WO-00535,Inspection – Centrifugal Pump PMP-0041,PMP-0041,PMP,Offsites,2016-05-26,3780,Inspection,Low,False,6794.62,3.4,0.8,4.4,0.5,9.100000000000001,1,2.5,1825,3,2,4,3,48000,
WO-00536,Replacement – Reciprocating Compressor CMP-0007,CMP-0007,CMP,Flare-System,2018-06-29,3016,Replacement,Medium,False,87251.78,58.9,11.9,17.8,4.5,93.1,12,3.0,1460,5,4,5,5,490000,WO-00024
WO-00537,Repair – Centrifugal Pump PMP-0047,PMP-0047,PMP,Flare-System,2019-08-23,2596,Repair,Medium,False,56838.33,94.1,19.3,12.4,3.7,129.5,16,2.5,1825,3,2,4,3,48000,
WO-00538,Repair – Electrical Equipment ELEC-0002,ELEC-0002,ELEC,Unit-200,2016-04-24,3812,Repair,High,False,52412.67,29.4,18.1,15.6,9.5,72.6,9,2.0,1460,3,1,3,3,24000,WO-00425
WO-00539,Inspection – Instrument/Analyser INST-0075,INST-0075,INST,Utilities,2023-08-24,1134,Inspection,High,False,3655.78,3.0,2.0,2.7,0.5,8.2,1,1.8,730,2,1,3,2,4800,
WO-00540,Overhaul – Instrument/Analyser INST-0030,INST-0030,INST,Flare-System,2021-04-25,1985,Overhaul,Low,False,591045.95,137.7,8.4,18.2,23.6,187.89999999999998,23,1.8,730,2,1,3,2,4800,
WO-00541,Replacement – Electrical Equipment ELEC-0032,ELEC-0032,ELEC,Unit-200,2021-02-14,2055,Replacement,Low,False,75755.37,12.0,12.4,6.5,8.4,39.3,5,2.0,1460,3,1,3,3,24000,
WO-00542,Inspection – Pressure Vessel VSL-0003,VSL-0003,VSL,Tank-Farm,2019-01-17,2814,Inspection,Low,False,4024.07,2.8,0.7,1.3,0.3,5.1,1,2.8,3650,5,5,5,5,290000,
WO-00543,Inspection – Control Valve VLV-0119,VLV-0119,VLV,Flare-System,2019-08-17,2602,Inspection,High,False,6956.37,2.6,1.1,2.8,0.9,7.4,1,1.5,1095,3,2,3,2,13500,
WO-00544,Inspection – Reciprocating Compressor CMP-0014,CMP-0014,CMP,Unit-100,2024-01-13,992,Inspection,Medium,False,6140.48,7.8,1.4,1.1,0.3,10.6,1,3.0,1460,5,4,5,5,490000,
WO-00545,Cleaning – Pressure Vessel VSL-0025,VSL-0025,VSL,Unit-200,2023-10-02,1095,Cleaning,Critical,True,15452.68,11.1,0.5,1.9,7.8,21.3,3,2.8,3650,5,5,5,5,290000,
WO-00546,Testing – Heat Exchanger HX-0029,HX-0029,HX,Unit-200,2022-07-13,1541,Testing,High,False,8944.37,8.0,11.9,18.5,0.8,39.199999999999996,5,2.0,2190,4,3,5,4,195000,
WO-00547,Calibration – Instrument/Analyser INST-0075,INST-0075,INST,Utilities,2023-08-24,1134,Calibration,Medium,False,747.05,1.9,4.8,10.7,0.7,18.099999999999998,2,1.8,730,2,1,3,2,4800,
WO-00548,Overhaul – Piping/Pipeline Segment PPL-0044,PPL-0044,PPL,Unit-300,2020-02-02,2433,Overhaul,High,False,395099.09,220.6,41.6,42.6,9.2,314.0,39,2.0,3285,4,4,3,3,88000,
WO-00549,Cleaning – Instrument/Analyser INST-0040,INST-0040,INST,Flare-System,2020-09-15,2207,Cleaning,High,False,2060.58,22.5,0.6,0.6,4.1,27.800000000000004,3,1.8,730,2,1,3,2,4800,
WO-00550,Replacement – Control Valve VLV-0054,VLV-0054,VLV,Utilities,2013-11-04,4714,Replacement,Critical,False,74554.82,38.3,6.6,8.1,8.4,61.4,8,1.5,1095,3,2,3,2,13500,
